id,job_id,computational_load,input_size,output_size,predecessors,is_safe,task_kind,is_head,is_tail,execution_time,energy_consumed,status
0,0,870690,522330,350218,[],0,3,True,False,-1,-1,NOT_REGISTERED
1,0,773408,693464,102973,[],0,4,True,False,-1,-1,NOT_REGISTERED
2,0,605053,581608,895748,[],0,1,True,False,-1,-1,NOT_REGISTERED
3,0,78220,651164,397671,[],0,4,True,False,-1,-1,NOT_REGISTERED
4,0,702333,5509,722426,[0],0,1,False,False,-1,-1,NOT_REGISTERED
5,0,868993,429234,150773,"[1, 2, 0]",0,3,False,False,-1,-1,NOT_REGISTERED
6,0,209337,39950,533249,[4],0,1,False,False,-1,-1,NOT_REGISTERED
7,0,495035,476158,943180,[4],0,1,False,False,-1,-1,NOT_REGISTERED
8,0,814415,963392,791630,"[5, 4]",0,3,False,False,-1,-1,NOT_REGISTERED
9,0,514115,945809,714486,"[5, 4]",0,4,False,False,-1,-1,NOT_REGISTERED
10,0,791773,710490,903395,"[7, 6, 8]",0,3,False,True,-1,-1,NOT_REGISTERED
11,0,839323,841052,614220,"[7, 8, 9]",1,3,False,True,-1,-1,NOT_REGISTERED
12,1,23761,708716,296703,[],0,1,True,False,-1,-1,NOT_REGISTERED
13,1,578181,517876,860013,[],0,4,True,False,-1,-1,NOT_REGISTERED
14,1,236492,394375,468598,[],0,3,True,False,-1,-1,NOT_REGISTERED
15,1,699293,838793,896197,[],0,3,True,False,-1,-1,NOT_REGISTERED
16,1,194476,979911,715350,[],0,3,True,False,-1,-1,NOT_REGISTERED
17,1,216854,912554,67847,"[14, 13, 16, 12, 15]",0,2,False,False,-1,-1,NOT_REGISTERED
18,1,464963,266440,672275,[12],0,2,False,False,-1,-1,NOT_REGISTERED
19,1,52816,895317,700930,"[15, 14, 13]",0,4,False,False,-1,-1,NOT_REGISTERED
20,1,905762,46063,773789,"[19, 17, 18]",0,1,False,False,-1,-1,NOT_REGISTERED
21,1,227277,761503,139980,[18],0,4,False,False,-1,-1,NOT_REGISTERED
22,1,712999,855711,389751,"[18, 19]",0,2,False,False,-1,-1,NOT_REGISTERED
23,1,9559,314844,14508,[18],0,4,False,False,-1,-1,NOT_REGISTERED
24,1,368825,793788,209217,"[17, 18, 19]",0,3,False,False,-1,-1,NOT_REGISTERED
25,1,350038,52600,829626,"[22, 20, 24, 21]",0,4,False,True,-1,-1,NOT_REGISTERED
26,2,611624,220714,333102,[],0,1,True,False,-1,-1,NOT_REGISTERED
27,2,796777,91691,854287,[],0,4,True,False,-1,-1,NOT_REGISTERED
28,2,519156,940226,534941,[],0,1,True,False,-1,-1,NOT_REGISTERED
29,2,651611,889818,655421,"[27, 26, 28]",0,1,False,False,-1,-1,NOT_REGISTERED
30,2,774134,583847,359917,"[27, 26]",0,4,False,False,-1,-1,NOT_REGISTERED
31,2,669498,413332,67565,"[27, 28, 26]",0,1,False,False,-1,-1,NOT_REGISTERED
32,2,500589,309586,264006,"[26, 27, 28]",0,3,False,False,-1,-1,NOT_REGISTERED
33,2,90175,354412,74996,"[26, 28]",0,2,False,False,-1,-1,NOT_REGISTERED
34,2,471858,128128,406601,"[33, 30, 31, 32, 29]",0,2,False,True,-1,-1,NOT_REGISTERED
35,3,222056,844171,418440,[],0,1,True,False,-1,-1,NOT_REGISTERED
36,3,143015,796972,542407,[],0,3,True,False,-1,-1,NOT_REGISTERED
37,3,47445,950931,394472,[],0,3,True,False,-1,-1,NOT_REGISTERED
38,3,236479,308038,429910,[35],0,2,False,False,-1,-1,NOT_REGISTERED
39,3,584810,823714,775852,"[36, 35, 37]",0,2,False,False,-1,-1,NOT_REGISTERED
40,3,781832,496053,537718,"[38, 39]",0,4,False,False,-1,-1,NOT_REGISTERED
41,3,98539,583908,57134,"[39, 38]",0,2,False,False,-1,-1,NOT_REGISTERED
42,3,791323,573110,91882,"[38, 39]",0,1,False,False,-1,-1,NOT_REGISTERED
43,3,399014,408779,100993,"[42, 40, 41]",0,4,False,True,-1,-1,NOT_REGISTERED
44,4,128501,376630,785687,[],0,4,True,False,-1,-1,NOT_REGISTERED
45,4,687557,196419,883917,[],0,2,True,False,-1,-1,NOT_REGISTERED
46,4,806968,456840,42635,[],0,3,True,False,-1,-1,NOT_REGISTERED
47,4,880395,440221,385237,"[45, 44]",0,2,False,False,-1,-1,NOT_REGISTERED
48,4,440385,279482,788501,"[46, 45]",0,3,False,False,-1,-1,NOT_REGISTERED
49,4,934494,171912,375549,[48],0,1,False,True,-1,-1,NOT_REGISTERED
50,5,37240,389746,647171,[],0,4,True,False,-1,-1,NOT_REGISTERED
51,5,790869,770447,703852,[],0,4,True,False,-1,-1,NOT_REGISTERED
52,5,489351,477902,318261,[],0,1,True,False,-1,-1,NOT_REGISTERED
53,5,902061,389877,111967,"[51, 50]",0,2,False,False,-1,-1,NOT_REGISTERED
54,5,609645,22332,889203,"[51, 52, 50]",0,4,False,False,-1,-1,NOT_REGISTERED
55,5,716117,354997,946611,[51],0,2,False,False,-1,-1,NOT_REGISTERED
56,5,859651,817988,752422,"[50, 51, 52]",0,3,False,False,-1,-1,NOT_REGISTERED
57,5,440481,519775,217072,"[50, 52, 51]",1,1,False,False,-1,-1,NOT_REGISTERED
58,5,659652,650878,753053,"[54, 53, 55, 56, 57]",0,3,False,True,-1,-1,NOT_REGISTERED
59,6,923105,18213,997094,[],0,3,True,False,-1,-1,NOT_REGISTERED
60,6,382855,114566,644040,[],0,1,True,False,-1,-1,NOT_REGISTERED
61,6,138197,130886,704908,[59],1,1,False,False,-1,-1,NOT_REGISTERED
62,6,21027,60968,25741,[60],0,4,False,False,-1,-1,NOT_REGISTERED
63,6,112076,555095,155861,[59],0,1,False,False,-1,-1,NOT_REGISTERED
64,6,726655,282297,336384,[60],0,3,False,False,-1,-1,NOT_REGISTERED
65,6,761596,8497,224356,"[59, 60]",0,2,False,False,-1,-1,NOT_REGISTERED
66,6,909178,403928,929535,"[65, 61]",0,4,False,True,-1,-1,NOT_REGISTERED
67,6,871345,834101,295764,[65],0,2,False,True,-1,-1,NOT_REGISTERED
68,7,979298,949985,278755,[],0,2,True,False,-1,-1,NOT_REGISTERED
69,7,225921,780733,891238,[],0,2,True,False,-1,-1,NOT_REGISTERED
70,7,967795,365322,659219,[],0,1,True,False,-1,-1,NOT_REGISTERED
71,7,263689,649354,443852,[],0,2,True,False,-1,-1,NOT_REGISTERED
72,7,511153,712383,876992,[71],0,1,False,False,-1,-1,NOT_REGISTERED
73,7,897109,334430,206812,"[68, 70]",0,2,False,False,-1,-1,NOT_REGISTERED
74,7,942798,815879,422460,[69],0,3,False,False,-1,-1,NOT_REGISTERED
75,7,215552,270783,572001,[72],0,2,False,False,-1,-1,NOT_REGISTERED
76,7,503563,410948,339087,"[74, 72, 73]",0,3,False,False,-1,-1,NOT_REGISTERED
77,7,649440,567074,704063,[76],0,4,False,False,-1,-1,NOT_REGISTERED
78,7,127056,646523,858999,[76],0,1,False,False,-1,-1,NOT_REGISTERED
79,7,633554,969341,610735,"[76, 75]",0,4,False,False,-1,-1,NOT_REGISTERED
80,7,370052,327695,297839,[75],0,3,False,False,-1,-1,NOT_REGISTERED
81,7,700400,635630,937930,"[79, 78]",0,3,False,True,-1,-1,NOT_REGISTERED
82,7,202619,118150,184749,"[78, 79]",0,3,False,True,-1,-1,NOT_REGISTERED
83,7,246612,300738,870542,[80],0,2,False,True,-1,-1,NOT_REGISTERED
84,7,206345,373060,787222,[77],0,1,False,True,-1,-1,NOT_REGISTERED
85,8,15610,820140,207160,[],0,3,True,False,-1,-1,NOT_REGISTERED
86,8,662981,781430,735410,[],0,1,True,False,-1,-1,NOT_REGISTERED
87,8,307041,689623,908216,[],0,3,True,False,-1,-1,NOT_REGISTERED
88,8,280354,720152,260156,[],0,3,True,False,-1,-1,NOT_REGISTERED
89,8,69961,934447,212339,[],0,3,True,False,-1,-1,NOT_REGISTERED
90,8,153628,25733,549696,"[89, 86, 87, 85, 88]",0,1,False,False,-1,-1,NOT_REGISTERED
91,8,73021,952446,212758,"[89, 85, 88, 87]",0,4,False,False,-1,-1,NOT_REGISTERED
92,8,237598,992491,142085,"[86, 89, 87, 85]",0,3,False,False,-1,-1,NOT_REGISTERED
93,8,937746,755481,919984,"[86, 89, 85, 87]",0,2,False,False,-1,-1,NOT_REGISTERED
94,8,618236,657785,151364,"[91, 93, 92]",0,2,False,False,-1,-1,NOT_REGISTERED
95,8,602067,312763,860769,"[91, 93, 90, 92]",0,4,False,False,-1,-1,NOT_REGISTERED
96,8,947270,147804,943535,[90],0,4,False,False,-1,-1,NOT_REGISTERED
97,8,497733,872834,907132,"[90, 91, 93]",0,4,False,False,-1,-1,NOT_REGISTERED
98,8,172607,664368,159769,[93],0,4,False,False,-1,-1,NOT_REGISTERED
99,8,581521,777183,779964,"[98, 96, 95, 94, 97]",0,2,False,False,-1,-1,NOT_REGISTERED
100,8,514573,139355,518062,[99],0,1,False,True,-1,-1,NOT_REGISTERED
101,8,83114,199605,647638,[99],0,1,False,True,-1,-1,NOT_REGISTERED
102,9,986424,504717,908606,[],0,4,True,False,-1,-1,NOT_REGISTERED
103,9,197415,659186,265861,[102],0,2,False,False,-1,-1,NOT_REGISTERED
104,9,223031,618731,383259,[102],0,2,False,False,-1,-1,NOT_REGISTERED
105,9,542904,242869,147616,[102],1,1,False,False,-1,-1,NOT_REGISTERED
106,9,690418,641851,70277,[102],0,2,False,False,-1,-1,NOT_REGISTERED
107,9,933957,85217,203298,[102],0,2,False,False,-1,-1,NOT_REGISTERED
108,9,12117,932869,988520,"[106, 107, 105, 104]",0,4,False,False,-1,-1,NOT_REGISTERED
109,9,501323,333549,401151,"[105, 106, 104, 107]",0,3,False,False,-1,-1,NOT_REGISTERED
110,9,710447,970642,699611,"[103, 105, 107]",0,1,False,False,-1,-1,NOT_REGISTERED
111,9,925178,944084,197357,"[109, 110, 108]",0,4,False,False,-1,-1,NOT_REGISTERED
112,9,149648,778148,195903,[111],0,3,False,True,-1,-1,NOT_REGISTERED
113,9,472441,747258,599478,[111],0,2,False,True,-1,-1,NOT_REGISTERED
114,10,761959,346598,592207,[],0,3,True,False,-1,-1,NOT_REGISTERED
115,10,740136,748183,236858,[],0,2,True,False,-1,-1,NOT_REGISTERED
116,10,877495,473881,633057,[],1,2,True,False,-1,-1,NOT_REGISTERED
117,10,405586,6946,402396,[],0,4,True,False,-1,-1,NOT_REGISTERED
118,10,854229,476956,186168,"[117, 114, 115, 116]",0,4,False,False,-1,-1,NOT_REGISTERED
119,10,764994,958061,325287,"[115, 117]",0,2,False,False,-1,-1,NOT_REGISTERED
120,10,619752,319325,900817,"[118, 119]",0,2,False,True,-1,-1,NOT_REGISTERED
121,10,305590,491024,952610,"[118, 119]",0,3,False,True,-1,-1,NOT_REGISTERED
122,10,162735,665488,41139,[119],0,3,False,True,-1,-1,NOT_REGISTERED
123,10,307035,430867,258411,[118],0,2,False,True,-1,-1,NOT_REGISTERED
124,10,256098,643275,719150,"[118, 119]",0,4,False,True,-1,-1,NOT_REGISTERED
125,11,744431,562714,806251,[],0,3,True,False,-1,-1,NOT_REGISTERED
126,11,456342,757144,627827,[125],0,1,False,False,-1,-1,NOT_REGISTERED
127,11,637193,886557,649868,[126],0,2,False,False,-1,-1,NOT_REGISTERED
128,11,194569,247024,799912,[127],0,3,False,False,-1,-1,NOT_REGISTERED
129,11,304144,924134,964496,[127],1,2,False,False,-1,-1,NOT_REGISTERED
130,11,143941,300244,972528,[127],0,2,False,False,-1,-1,NOT_REGISTERED
131,11,361962,265398,883869,[127],1,4,False,False,-1,-1,NOT_REGISTERED
132,11,101142,256276,864952,[127],0,1,False,False,-1,-1,NOT_REGISTERED
133,11,657530,610633,925427,"[131, 130]",0,1,False,True,-1,-1,NOT_REGISTERED
134,12,822746,595811,36254,[],0,1,True,False,-1,-1,NOT_REGISTERED
135,12,503692,971365,453607,[],0,1,True,False,-1,-1,NOT_REGISTERED
136,12,234394,22638,726085,[],0,3,True,False,-1,-1,NOT_REGISTERED
137,12,972287,557651,673688,[134],0,4,False,False,-1,-1,NOT_REGISTERED
138,12,433479,110669,110261,"[134, 136]",0,4,False,False,-1,-1,NOT_REGISTERED
139,12,129723,406614,300738,[137],1,1,False,False,-1,-1,NOT_REGISTERED
140,12,616059,896926,789203,[139],0,4,False,True,-1,-1,NOT_REGISTERED
141,12,80423,758060,849109,[139],0,1,False,True,-1,-1,NOT_REGISTERED
142,13,128475,719274,380489,[],0,2,True,False,-1,-1,NOT_REGISTERED
143,13,108173,878908,496347,[],0,4,True,False,-1,-1,NOT_REGISTERED
144,13,915265,378003,72585,[],0,2,True,False,-1,-1,NOT_REGISTERED
145,13,411988,644532,374352,[],0,3,True,False,-1,-1,NOT_REGISTERED
146,13,302372,478391,280283,[143],0,3,False,False,-1,-1,NOT_REGISTERED
147,13,473300,348773,651835,[145],0,1,False,False,-1,-1,NOT_REGISTERED
148,13,358980,193224,995799,"[144, 143, 142, 145]",0,4,False,False,-1,-1,NOT_REGISTERED
149,13,452138,662367,954373,"[143, 145, 144]",0,1,False,False,-1,-1,NOT_REGISTERED
150,13,488943,973688,16252,"[148, 149]",0,4,False,False,-1,-1,NOT_REGISTERED
151,13,609260,622916,615489,"[148, 146]",0,2,False,False,-1,-1,NOT_REGISTERED
152,13,98339,26745,890694,[146],0,1,False,False,-1,-1,NOT_REGISTERED
153,13,926505,515785,948755,"[152, 150, 151]",0,4,False,False,-1,-1,NOT_REGISTERED
154,13,431719,768390,979944,"[152, 150, 151]",0,4,False,False,-1,-1,NOT_REGISTERED
155,13,859709,786360,947022,"[150, 152]",1,2,False,False,-1,-1,NOT_REGISTERED
156,13,609616,989747,72360,"[150, 151]",0,1,False,False,-1,-1,NOT_REGISTERED
157,13,876923,163781,289052,"[156, 155]",1,2,False,True,-1,-1,NOT_REGISTERED
158,14,878047,579196,904526,[],0,3,True,False,-1,-1,NOT_REGISTERED
159,14,463472,68751,717840,[],0,4,True,False,-1,-1,NOT_REGISTERED
160,14,176198,37505,231247,[],0,1,True,False,-1,-1,NOT_REGISTERED
161,14,451585,704479,555274,[],0,2,True,False,-1,-1,NOT_REGISTERED
162,14,322517,989135,426374,"[160, 159, 158, 161]",0,4,False,False,-1,-1,NOT_REGISTERED
163,14,985066,48981,61465,[162],0,3,False,True,-1,-1,NOT_REGISTERED
164,15,813489,321434,676966,[],0,1,True,False,-1,-1,NOT_REGISTERED
165,15,346842,468878,471790,[],0,1,True,False,-1,-1,NOT_REGISTERED
166,15,451549,437801,114197,[],0,4,True,False,-1,-1,NOT_REGISTERED
167,15,629985,851273,639368,"[164, 165]",0,2,False,False,-1,-1,NOT_REGISTERED
168,15,651761,932238,290780,"[166, 165]",0,2,False,False,-1,-1,NOT_REGISTERED
169,15,573890,280644,107153,"[165, 164, 166]",0,4,False,False,-1,-1,NOT_REGISTERED
170,15,974700,920434,22907,[165],0,4,False,False,-1,-1,NOT_REGISTERED
171,15,982071,780020,255916,"[169, 167]",1,1,False,True,-1,-1,NOT_REGISTERED
172,15,368833,830366,44702,"[169, 168]",0,4,False,True,-1,-1,NOT_REGISTERED
173,15,723778,291446,494730,"[168, 167, 170, 169]",0,4,False,True,-1,-1,NOT_REGISTERED
174,15,983868,749655,232543,"[168, 167, 169]",0,2,False,True,-1,-1,NOT_REGISTERED
175,15,139525,77791,521002,"[170, 169, 167, 168]",0,4,False,True,-1,-1,NOT_REGISTERED
176,16,317325,270048,332282,[],0,3,True,False,-1,-1,NOT_REGISTERED
177,16,129610,380648,769419,[],0,2,True,False,-1,-1,NOT_REGISTERED
178,16,307927,513030,150354,[176],0,1,False,False,-1,-1,NOT_REGISTERED
179,16,491680,178128,651236,[176],0,2,False,False,-1,-1,NOT_REGISTERED
180,16,24497,799935,677799,[178],0,2,False,True,-1,-1,NOT_REGISTERED
181,16,95475,469658,11586,[179],0,1,False,True,-1,-1,NOT_REGISTERED
182,16,852973,400118,439503,[178],0,2,False,True,-1,-1,NOT_REGISTERED
183,16,232617,377365,384580,"[179, 178]",0,1,False,True,-1,-1,NOT_REGISTERED
184,17,46940,611452,747230,[],0,1,True,False,-1,-1,NOT_REGISTERED
185,17,309524,470381,582584,[184],0,1,False,False,-1,-1,NOT_REGISTERED
186,17,495672,633993,906924,[184],0,3,False,False,-1,-1,NOT_REGISTERED
187,17,871218,807672,84012,[184],0,3,False,False,-1,-1,NOT_REGISTERED
188,17,754719,756582,654136,[184],0,2,False,False,-1,-1,NOT_REGISTERED
189,17,984407,86689,826562,"[185, 186, 187]",0,2,False,True,-1,-1,NOT_REGISTERED
190,18,538980,839027,559814,[],0,2,True,False,-1,-1,NOT_REGISTERED
191,18,26051,841716,942925,[],0,1,True,False,-1,-1,NOT_REGISTERED
192,18,595154,700217,735650,[],0,1,True,False,-1,-1,NOT_REGISTERED
193,18,805029,413417,36479,[],0,2,True,False,-1,-1,NOT_REGISTERED
194,18,224323,732556,13121,[191],0,2,False,False,-1,-1,NOT_REGISTERED
195,18,508260,574174,729282,"[193, 192, 190, 191]",0,2,False,False,-1,-1,NOT_REGISTERED
196,18,264537,197441,491387,"[193, 192, 191]",1,1,False,False,-1,-1,NOT_REGISTERED
197,18,249705,870493,395681,"[196, 194, 195]",0,1,False,False,-1,-1,NOT_REGISTERED
198,18,566756,57707,61092,"[196, 195]",1,3,False,False,-1,-1,NOT_REGISTERED
199,18,593236,617393,406119,[194],0,1,False,False,-1,-1,NOT_REGISTERED
200,18,647228,549397,170629,"[195, 196]",0,4,False,False,-1,-1,NOT_REGISTERED
201,18,493293,699804,794655,[195],1,2,False,False,-1,-1,NOT_REGISTERED
202,18,438005,755923,464875,[200],0,4,False,True,-1,-1,NOT_REGISTERED
203,19,792034,152456,871838,[],0,4,True,False,-1,-1,NOT_REGISTERED
204,19,433960,106421,29196,[],0,4,True,False,-1,-1,NOT_REGISTERED
205,19,683381,886434,883507,[],0,3,True,False,-1,-1,NOT_REGISTERED
206,19,783703,899576,374142,[205],0,4,False,False,-1,-1,NOT_REGISTERED
207,19,30726,762036,589206,"[205, 203]",0,1,False,False,-1,-1,NOT_REGISTERED
208,19,638326,602242,891188,[205],0,4,False,False,-1,-1,NOT_REGISTERED
209,19,71439,406409,128873,"[204, 203]",0,2,False,False,-1,-1,NOT_REGISTERED
210,19,695483,347138,382858,"[208, 207, 209, 206]",0,2,False,False,-1,-1,NOT_REGISTERED
211,19,716629,210149,378478,"[209, 207, 208, 206]",0,4,False,False,-1,-1,NOT_REGISTERED
212,19,707920,398305,22920,"[206, 208, 207, 209]",0,4,False,False,-1,-1,NOT_REGISTERED
213,19,857889,354423,695701,"[206, 209, 207, 208]",0,1,False,False,-1,-1,NOT_REGISTERED
214,19,684495,487355,181082,"[208, 209, 206]",0,3,False,False,-1,-1,NOT_REGISTERED
215,19,269775,370152,228354,"[214, 210, 211, 212, 213]",0,3,False,False,-1,-1,NOT_REGISTERED
216,19,549662,716421,17292,"[210, 212, 211, 214]",0,3,False,False,-1,-1,NOT_REGISTERED
217,19,850810,783095,886821,"[215, 216]",0,2,False,True,-1,-1,NOT_REGISTERED
218,19,57719,780720,603935,"[215, 216]",0,4,False,True,-1,-1,NOT_REGISTERED
219,20,278665,642305,286079,[],0,3,True,False,-1,-1,NOT_REGISTERED
220,20,216817,406227,320029,[],0,1,True,False,-1,-1,NOT_REGISTERED
221,20,367352,621112,445025,[],0,4,True,False,-1,-1,NOT_REGISTERED
222,20,747468,396358,598598,[],0,4,True,False,-1,-1,NOT_REGISTERED
223,20,512280,499960,223997,[221],0,3,False,False,-1,-1,NOT_REGISTERED
224,20,729627,128782,550798,"[220, 222, 219]",0,1,False,False,-1,-1,NOT_REGISTERED
225,20,120926,430069,185779,"[222, 221, 219, 220]",0,4,False,False,-1,-1,NOT_REGISTERED
226,20,408872,508626,737081,"[225, 223]",0,2,False,False,-1,-1,NOT_REGISTERED
227,20,833189,564328,656473,"[224, 223, 225]",0,2,False,False,-1,-1,NOT_REGISTERED
228,20,158931,667085,905555,"[224, 223, 225]",0,1,False,False,-1,-1,NOT_REGISTERED
229,20,168171,1701,440482,"[225, 223]",0,2,False,False,-1,-1,NOT_REGISTERED
230,20,993187,669638,837597,[224],0,3,False,False,-1,-1,NOT_REGISTERED
231,20,877898,23603,149656,"[227, 229, 226, 228]",0,4,False,False,-1,-1,NOT_REGISTERED
232,20,452752,966223,912775,"[230, 226, 228, 227, 229]",0,2,False,False,-1,-1,NOT_REGISTERED
233,20,530133,519325,101466,"[226, 227]",0,1,False,False,-1,-1,NOT_REGISTERED
234,20,95253,336752,463020,"[228, 230]",0,4,False,False,-1,-1,NOT_REGISTERED
235,20,800393,661157,266431,"[231, 233]",1,2,False,True,-1,-1,NOT_REGISTERED
236,20,220577,640475,584908,[231],0,1,False,True,-1,-1,NOT_REGISTERED
237,20,75731,907814,753965,"[233, 232]",0,1,False,True,-1,-1,NOT_REGISTERED
238,21,819744,275798,575040,[],0,3,True,False,-1,-1,NOT_REGISTERED
239,21,246435,204112,576878,[],0,3,True,False,-1,-1,NOT_REGISTERED
240,21,52266,93600,519870,[238],0,1,False,False,-1,-1,NOT_REGISTERED
241,21,262423,10175,213115,[238],0,4,False,False,-1,-1,NOT_REGISTERED
242,21,295732,590815,971938,"[239, 238]",0,4,False,False,-1,-1,NOT_REGISTERED
243,21,94678,790355,164669,"[239, 238]",0,4,False,False,-1,-1,NOT_REGISTERED
244,21,779013,619609,37463,"[239, 238]",0,3,False,False,-1,-1,NOT_REGISTERED
245,21,62771,677680,979508,"[242, 241, 243, 240, 244]",0,3,False,False,-1,-1,NOT_REGISTERED
246,21,816247,93834,360478,[245],0,1,False,True,-1,-1,NOT_REGISTERED
247,21,496540,182576,932167,[245],0,4,False,True,-1,-1,NOT_REGISTERED
248,21,118018,79599,647401,[245],0,4,False,True,-1,-1,NOT_REGISTERED
249,22,923559,846828,642098,[],0,2,True,False,-1,-1,NOT_REGISTERED
250,22,728933,796781,63693,[],0,2,True,False,-1,-1,NOT_REGISTERED
251,22,153893,985797,722157,[],0,1,True,False,-1,-1,NOT_REGISTERED
252,22,189723,263770,387526,[],0,1,True,False,-1,-1,NOT_REGISTERED
253,22,572688,13464,968999,[249],0,2,False,False,-1,-1,NOT_REGISTERED
254,22,282014,762263,6912,[253],0,3,False,False,-1,-1,NOT_REGISTERED
255,22,378144,589506,527350,[253],0,1,False,False,-1,-1,NOT_REGISTERED
256,22,499050,815030,714715,[253],0,2,False,False,-1,-1,NOT_REGISTERED
257,22,134360,622664,812466,[253],0,1,False,False,-1,-1,NOT_REGISTERED
258,22,527505,805627,674068,[253],0,3,False,False,-1,-1,NOT_REGISTERED
259,22,240197,382775,730829,[256],0,1,False,False,-1,-1,NOT_REGISTERED
260,22,187311,197016,493909,"[254, 257, 255, 256]",0,3,False,False,-1,-1,NOT_REGISTERED
261,22,845519,318450,743622,[258],0,3,False,False,-1,-1,NOT_REGISTERED
262,22,774691,43095,528784,[258],0,1,False,False,-1,-1,NOT_REGISTERED
263,22,604112,955619,487405,"[254, 257, 258]",0,3,False,False,-1,-1,NOT_REGISTERED
264,22,776410,1201,633453,"[261, 260, 259, 262, 263]",0,2,False,True,-1,-1,NOT_REGISTERED
265,22,533491,125584,903070,"[262, 261, 260, 259]",0,2,False,True,-1,-1,NOT_REGISTERED
266,22,196984,183700,795182,"[260, 263, 262, 261, 259]",0,1,False,True,-1,-1,NOT_REGISTERED
267,22,89864,678343,170193,"[262, 259, 261, 263]",0,4,False,True,-1,-1,NOT_REGISTERED
268,22,108977,89786,759804,"[263, 262, 261, 259]",0,3,False,True,-1,-1,NOT_REGISTERED
269,23,710633,678720,947524,[],0,1,True,False,-1,-1,NOT_REGISTERED
270,23,441223,621990,375402,[269],0,3,False,False,-1,-1,NOT_REGISTERED
271,23,949012,951642,625530,[269],0,1,False,False,-1,-1,NOT_REGISTERED
272,23,835143,567750,871441,[269],0,4,False,False,-1,-1,NOT_REGISTERED
273,23,945215,514122,549431,"[272, 270]",0,4,False,False,-1,-1,NOT_REGISTERED
274,23,3747,86129,362944,[273],0,4,False,True,-1,-1,NOT_REGISTERED
275,24,702169,650899,962550,[],0,3,True,False,-1,-1,NOT_REGISTERED
276,24,767361,339305,987687,[275],0,2,False,False,-1,-1,NOT_REGISTERED
277,24,533137,311653,60318,[275],0,1,False,False,-1,-1,NOT_REGISTERED
278,24,813252,390613,187292,[275],0,2,False,False,-1,-1,NOT_REGISTERED
279,24,701462,673588,701760,[275],0,2,False,False,-1,-1,NOT_REGISTERED
280,24,845326,378002,2173,[278],0,2,False,False,-1,-1,NOT_REGISTERED
281,24,432641,48463,827102,[279],0,1,False,False,-1,-1,NOT_REGISTERED
282,24,878295,767509,994334,"[276, 278]",0,2,False,False,-1,-1,NOT_REGISTERED
283,24,208195,819772,468406,"[276, 278, 279]",0,3,False,False,-1,-1,NOT_REGISTERED
284,24,536878,715336,9450,"[282, 280, 281]",0,4,False,True,-1,-1,NOT_REGISTERED
285,24,220246,700779,309196,"[282, 280]",0,1,False,True,-1,-1,NOT_REGISTERED
286,25,478533,291055,44959,[],0,1,True,False,-1,-1,NOT_REGISTERED
287,25,408208,236674,116776,[],0,4,True,False,-1,-1,NOT_REGISTERED
288,25,668241,470793,866019,[],0,3,True,False,-1,-1,NOT_REGISTERED
289,25,747040,626784,138361,[288],0,4,False,False,-1,-1,NOT_REGISTERED
290,25,84050,542849,519902,"[287, 286, 288]",0,1,False,False,-1,-1,NOT_REGISTERED
291,25,881907,124736,960601,"[286, 288]",0,4,False,False,-1,-1,NOT_REGISTERED
292,25,227792,755168,165284,"[288, 286, 287]",0,4,False,False,-1,-1,NOT_REGISTERED
293,25,570109,419375,161942,[290],0,4,False,False,-1,-1,NOT_REGISTERED
294,25,669256,84642,648820,"[292, 289]",0,1,False,False,-1,-1,NOT_REGISTERED
295,25,264297,959097,648316,[290],0,4,False,False,-1,-1,NOT_REGISTERED
296,25,260430,760401,946206,"[289, 292, 290, 291]",0,2,False,False,-1,-1,NOT_REGISTERED
297,25,67365,200397,807885,"[290, 292, 289]",0,3,False,False,-1,-1,NOT_REGISTERED
298,25,188600,979573,438911,"[294, 293]",0,4,False,True,-1,-1,NOT_REGISTERED
299,26,15192,981466,670898,[],0,4,True,False,-1,-1,NOT_REGISTERED
300,26,119681,754785,874305,[],0,4,True,False,-1,-1,NOT_REGISTERED
301,26,183300,641613,560664,[],0,4,True,False,-1,-1,NOT_REGISTERED
302,26,884310,44602,393629,"[301, 300, 299]",0,4,False,False,-1,-1,NOT_REGISTERED
303,26,568870,191097,652797,[299],0,2,False,False,-1,-1,NOT_REGISTERED
304,26,878565,792533,229124,"[299, 300]",0,1,False,False,-1,-1,NOT_REGISTERED
305,26,462210,713906,863505,"[301, 300, 299]",0,1,False,False,-1,-1,NOT_REGISTERED
306,26,453001,989343,472079,"[301, 299, 300]",0,4,False,False,-1,-1,NOT_REGISTERED
307,26,379962,787002,193975,[303],0,3,False,True,-1,-1,NOT_REGISTERED
308,26,977079,131270,517503,"[305, 303, 302]",0,2,False,True,-1,-1,NOT_REGISTERED
309,26,347425,21945,500747,[302],0,4,False,True,-1,-1,NOT_REGISTERED
310,26,130046,18434,636840,"[305, 303, 306]",0,4,False,True,-1,-1,NOT_REGISTERED
311,26,500285,563485,170533,"[305, 302]",0,3,False,True,-1,-1,NOT_REGISTERED
312,27,732613,125403,854394,[],0,3,True,False,-1,-1,NOT_REGISTERED
313,27,171155,141697,425204,[],0,2,True,False,-1,-1,NOT_REGISTERED
314,27,998743,24694,178788,[],0,1,True,False,-1,-1,NOT_REGISTERED
315,27,325552,194852,754869,[],0,3,True,False,-1,-1,NOT_REGISTERED
316,27,708663,424213,670616,"[313, 314, 312, 315]",0,1,False,False,-1,-1,NOT_REGISTERED
317,27,263628,136632,833643,"[315, 314, 312]",0,4,False,False,-1,-1,NOT_REGISTERED
318,27,564217,462304,265300,"[312, 315, 314, 313]",0,1,False,False,-1,-1,NOT_REGISTERED
319,27,954792,721022,308640,[313],0,3,False,False,-1,-1,NOT_REGISTERED
320,27,224084,829976,153606,[313],0,4,False,False,-1,-1,NOT_REGISTERED
321,27,468773,631812,383776,[319],0,4,False,True,-1,-1,NOT_REGISTERED
322,27,176960,559874,829504,"[319, 317, 320, 316]",0,4,False,True,-1,-1,NOT_REGISTERED
323,27,30108,240191,724575,[317],0,1,False,True,-1,-1,NOT_REGISTERED
324,27,509548,850744,501747,"[318, 320, 317, 316]",0,4,False,True,-1,-1,NOT_REGISTERED
325,27,95000,546194,940545,"[318, 320, 316, 319, 317]",0,1,False,True,-1,-1,NOT_REGISTERED
326,28,558407,539737,327675,[],0,4,True,False,-1,-1,NOT_REGISTERED
327,28,201760,112850,756930,[],0,1,True,False,-1,-1,NOT_REGISTERED
328,28,177616,883536,200704,[],0,3,True,False,-1,-1,NOT_REGISTERED
329,28,831938,885393,309652,[],0,4,True,False,-1,-1,NOT_REGISTERED
330,28,248084,392760,325849,"[329, 327]",0,3,False,False,-1,-1,NOT_REGISTERED
331,28,589380,784872,614559,"[326, 328, 329, 327]",0,4,False,False,-1,-1,NOT_REGISTERED
332,28,184378,183056,851510,[328],0,3,False,False,-1,-1,NOT_REGISTERED
333,28,895553,260999,918534,"[328, 326, 329, 327]",0,2,False,False,-1,-1,NOT_REGISTERED
334,28,132186,552750,495024,"[330, 332, 333]",0,3,False,False,-1,-1,NOT_REGISTERED
335,28,441803,818673,936938,"[333, 330, 332]",0,3,False,False,-1,-1,NOT_REGISTERED
336,28,292531,139507,30540,[334],0,4,False,False,-1,-1,NOT_REGISTERED
337,28,937702,859768,61586,[336],0,3,False,True,-1,-1,NOT_REGISTERED
338,28,930730,907104,764857,[336],0,2,False,True,-1,-1,NOT_REGISTERED
339,29,863581,838045,854349,[],0,4,True,False,-1,-1,NOT_REGISTERED
340,29,819326,877390,343251,[],0,1,True,False,-1,-1,NOT_REGISTERED
341,29,769944,102533,218212,[],0,2,True,False,-1,-1,NOT_REGISTERED
342,29,442845,837574,103709,[],0,3,True,False,-1,-1,NOT_REGISTERED
343,29,509467,906455,927954,[],0,2,True,False,-1,-1,NOT_REGISTERED
344,29,872105,299062,603371,[341],0,3,False,False,-1,-1,NOT_REGISTERED
345,29,965332,431702,683703,[344],0,1,False,False,-1,-1,NOT_REGISTERED
346,29,256160,420190,100395,[344],0,4,False,False,-1,-1,NOT_REGISTERED
347,29,964782,817934,25511,[346],0,1,False,False,-1,-1,NOT_REGISTERED
348,29,309709,651841,288484,[345],0,2,False,False,-1,-1,NOT_REGISTERED
349,29,357437,47845,229960,"[346, 345]",0,4,False,False,-1,-1,NOT_REGISTERED
350,29,382489,466313,883228,[346],0,1,False,False,-1,-1,NOT_REGISTERED
351,29,628425,955143,771059,[350],0,3,False,True,-1,-1,NOT_REGISTERED
352,30,458385,659015,43391,[],0,2,True,False,-1,-1,NOT_REGISTERED
353,30,405983,980278,23603,[],0,4,True,False,-1,-1,NOT_REGISTERED
354,30,785502,490936,392531,[],0,1,True,False,-1,-1,NOT_REGISTERED
355,30,165340,412200,209883,[352],0,4,False,False,-1,-1,NOT_REGISTERED
356,30,240677,235664,217865,[352],1,2,False,False,-1,-1,NOT_REGISTERED
357,30,779999,835069,977444,"[353, 352]",0,2,False,False,-1,-1,NOT_REGISTERED
358,30,333694,385734,319127,"[354, 353]",0,1,False,False,-1,-1,NOT_REGISTERED
359,30,169105,852650,803952,"[356, 357, 355]",0,3,False,True,-1,-1,NOT_REGISTERED
360,31,482327,497239,590204,[],0,4,True,False,-1,-1,NOT_REGISTERED
361,31,858602,659470,102699,[],0,2,True,False,-1,-1,NOT_REGISTERED
362,31,520704,99127,14508,[],0,4,True,False,-1,-1,NOT_REGISTERED
363,31,934360,348088,796490,[],0,1,True,False,-1,-1,NOT_REGISTERED
364,31,958388,295831,120065,[],0,3,True,False,-1,-1,NOT_REGISTERED
365,31,515102,610667,600998,"[362, 364, 361, 363, 360]",0,1,False,False,-1,-1,NOT_REGISTERED
366,31,734169,106787,666858,"[364, 362]",0,1,False,False,-1,-1,NOT_REGISTERED
367,31,785099,246420,596285,"[361, 362, 360, 364]",0,3,False,False,-1,-1,NOT_REGISTERED
368,31,153768,808910,993292,"[361, 364]",0,1,False,False,-1,-1,NOT_REGISTERED
369,31,671938,586550,782815,"[366, 365, 368, 367]",0,2,False,False,-1,-1,NOT_REGISTERED
370,31,16090,740137,734000,"[366, 365]",0,4,False,False,-1,-1,NOT_REGISTERED
371,31,67620,202332,732474,"[367, 365, 368, 366]",0,2,False,False,-1,-1,NOT_REGISTERED
372,31,890848,920407,705785,"[366, 368, 367, 365]",0,3,False,False,-1,-1,NOT_REGISTERED
373,31,83313,54005,336284,"[368, 366]",0,1,False,False,-1,-1,NOT_REGISTERED
374,31,721141,898376,562871,"[373, 369, 370, 371, 372]",0,2,False,True,-1,-1,NOT_REGISTERED
375,31,772382,208641,295733,"[370, 373, 371, 372, 369]",0,2,False,True,-1,-1,NOT_REGISTERED
376,31,864812,834044,38745,[370],0,2,False,True,-1,-1,NOT_REGISTERED
377,31,593628,818412,262621,"[369, 370, 373, 371, 372]",0,4,False,True,-1,-1,NOT_REGISTERED
378,32,336628,139437,736083,[],0,4,True,False,-1,-1,NOT_REGISTERED
379,32,396312,460574,328272,[],0,1,True,False,-1,-1,NOT_REGISTERED
380,32,282367,917637,707020,[],0,2,True,False,-1,-1,NOT_REGISTERED
381,32,40148,411137,362350,[],0,4,True,False,-1,-1,NOT_REGISTERED
382,32,946077,397748,824376,"[378, 380]",0,1,False,False,-1,-1,NOT_REGISTERED
383,32,956149,213439,89325,"[380, 379]",0,3,False,False,-1,-1,NOT_REGISTERED
384,32,738390,205132,943035,"[380, 379, 381]",0,4,False,False,-1,-1,NOT_REGISTERED
385,32,111969,899643,655731,"[381, 378, 380, 379]",0,3,False,False,-1,-1,NOT_REGISTERED
386,32,56390,422625,416030,[378],0,1,False,False,-1,-1,NOT_REGISTERED
387,32,577627,96877,684885,"[383, 386, 385, 382]",0,4,False,True,-1,-1,NOT_REGISTERED
388,33,264595,228079,199394,[],0,4,True,False,-1,-1,NOT_REGISTERED
389,33,872677,335646,44278,[],0,2,True,False,-1,-1,NOT_REGISTERED
390,33,459791,810010,626875,[],0,1,True,False,-1,-1,NOT_REGISTERED
391,33,696144,993985,301877,[],0,2,True,False,-1,-1,NOT_REGISTERED
392,33,751341,47289,896322,[],0,2,True,False,-1,-1,NOT_REGISTERED
393,33,155173,932235,734849,"[391, 389, 390]",0,2,False,False,-1,-1,NOT_REGISTERED
394,33,219979,377294,291506,"[389, 390, 388]",0,4,False,False,-1,-1,NOT_REGISTERED
395,33,513238,285417,175625,"[390, 388, 391]",1,2,False,False,-1,-1,NOT_REGISTERED
396,33,560524,880175,258186,[393],0,4,False,False,-1,-1,NOT_REGISTERED
397,33,639769,442371,677911,"[395, 393, 394]",0,3,False,False,-1,-1,NOT_REGISTERED
398,33,878411,16455,656333,"[395, 394, 393]",0,1,False,False,-1,-1,NOT_REGISTERED
399,33,508077,621796,844427,[393],0,4,False,False,-1,-1,NOT_REGISTERED
400,33,159461,205232,501429,[395],0,1,False,False,-1,-1,NOT_REGISTERED
401,33,829363,352375,729803,"[396, 397, 398]",0,3,False,False,-1,-1,NOT_REGISTERED
402,33,723336,381635,109763,[401],0,1,False,True,-1,-1,NOT_REGISTERED
403,33,490046,972629,700951,[401],1,4,False,True,-1,-1,NOT_REGISTERED
404,33,786074,997863,599140,[401],0,1,False,True,-1,-1,NOT_REGISTERED
405,33,650249,588362,385803,[401],0,3,False,True,-1,-1,NOT_REGISTERED
406,34,934473,926247,505293,[],0,2,True,False,-1,-1,NOT_REGISTERED
407,34,703939,207566,720475,[],0,4,True,False,-1,-1,NOT_REGISTERED
408,34,407515,301641,689925,[],0,4,True,False,-1,-1,NOT_REGISTERED
409,34,774022,677305,189343,"[407, 408]",0,1,False,False,-1,-1,NOT_REGISTERED
410,34,943067,881195,75853,[409],0,2,False,True,-1,-1,NOT_REGISTERED
411,34,283977,855330,487218,[409],0,2,False,True,-1,-1,NOT_REGISTERED
412,35,764793,722943,85227,[],0,1,True,False,-1,-1,NOT_REGISTERED
413,35,106102,608520,614023,[],0,2,True,False,-1,-1,NOT_REGISTERED
414,35,869054,531610,585943,[],0,3,True,False,-1,-1,NOT_REGISTERED
415,35,703042,714890,5630,[],0,3,True,False,-1,-1,NOT_REGISTERED
416,35,371895,775370,749888,"[415, 413, 412]",0,4,False,False,-1,-1,NOT_REGISTERED
417,35,781065,30400,216961,[414],0,4,False,False,-1,-1,NOT_REGISTERED
418,35,886814,791435,26088,"[413, 412, 415]",1,2,False,False,-1,-1,NOT_REGISTERED
419,35,555755,334837,211449,[418],0,4,False,False,-1,-1,NOT_REGISTERED
420,35,390839,940144,858610,[419],0,3,False,False,-1,-1,NOT_REGISTERED
421,35,561620,929720,651771,[419],0,1,False,False,-1,-1,NOT_REGISTERED
422,35,618064,166778,900115,[420],0,4,False,True,-1,-1,NOT_REGISTERED
423,35,75916,110545,767775,"[420, 421]",0,4,False,True,-1,-1,NOT_REGISTERED
424,35,631667,57440,187841,"[421, 420]",0,3,False,True,-1,-1,NOT_REGISTERED
425,36,780244,906311,827504,[],0,3,True,False,-1,-1,NOT_REGISTERED
426,36,880903,980580,529148,[],0,3,True,False,-1,-1,NOT_REGISTERED
427,36,726941,415716,647929,[],0,3,True,False,-1,-1,NOT_REGISTERED
428,36,133902,583047,409874,[],0,3,True,False,-1,-1,NOT_REGISTERED
429,36,552452,426317,694073,[],0,4,True,False,-1,-1,NOT_REGISTERED
430,36,422342,173234,506918,"[427, 425, 429]",0,2,False,False,-1,-1,NOT_REGISTERED
431,36,995295,695984,728821,"[425, 429]",0,1,False,False,-1,-1,NOT_REGISTERED
432,36,618146,502234,704147,[425],0,4,False,False,-1,-1,NOT_REGISTERED
433,36,55051,319143,583975,"[429, 428]",0,1,False,False,-1,-1,NOT_REGISTERED
434,36,504015,818702,454004,"[426, 428]",0,1,False,False,-1,-1,NOT_REGISTERED
435,36,855824,327645,527064,[430],0,2,False,False,-1,-1,NOT_REGISTERED
436,36,884078,661144,696471,[435],0,2,False,False,-1,-1,NOT_REGISTERED
437,36,681413,941235,48113,[436],0,4,False,True,-1,-1,NOT_REGISTERED
438,36,362082,954260,367547,[436],0,3,False,True,-1,-1,NOT_REGISTERED
439,37,490377,471898,670740,[],0,4,True,False,-1,-1,NOT_REGISTERED
440,37,147259,30632,612217,[],1,4,True,False,-1,-1,NOT_REGISTERED
441,37,755550,408497,706199,[],0,3,True,False,-1,-1,NOT_REGISTERED
442,37,32290,183100,396944,[],0,3,True,False,-1,-1,NOT_REGISTERED
443,37,592046,204182,843680,[],0,1,True,False,-1,-1,NOT_REGISTERED
444,37,263086,147701,37402,"[442, 443]",0,4,False,False,-1,-1,NOT_REGISTERED
445,37,647169,948424,590205,"[443, 441, 440]",0,4,False,False,-1,-1,NOT_REGISTERED
446,37,400497,155819,254259,"[439, 443, 440, 442, 441]",0,2,False,False,-1,-1,NOT_REGISTERED
447,37,787423,705075,250347,"[443, 441]",0,2,False,False,-1,-1,NOT_REGISTERED
448,37,364484,33269,725370,[445],0,3,False,True,-1,-1,NOT_REGISTERED
449,37,54664,897967,116995,"[446, 445]",0,2,False,True,-1,-1,NOT_REGISTERED
450,37,691065,54785,935169,"[447, 444, 446, 445]",0,3,False,True,-1,-1,NOT_REGISTERED
451,37,449623,19851,47619,"[446, 445, 444, 447]",0,4,False,True,-1,-1,NOT_REGISTERED
452,37,439489,404484,384267,"[447, 445, 446]",0,1,False,True,-1,-1,NOT_REGISTERED
453,38,850786,622784,98290,[],0,2,True,False,-1,-1,NOT_REGISTERED
454,38,112489,439875,136894,[],0,2,True,False,-1,-1,NOT_REGISTERED
455,38,809731,518627,418057,[],0,4,True,False,-1,-1,NOT_REGISTERED
456,38,802091,767889,152778,"[453, 455, 454]",0,2,False,False,-1,-1,NOT_REGISTERED
457,38,146755,128980,492271,[454],0,4,False,False,-1,-1,NOT_REGISTERED
458,38,854457,285969,48070,"[456, 457]",0,4,False,False,-1,-1,NOT_REGISTERED
459,38,178900,59125,133096,"[456, 457]",0,1,False,False,-1,-1,NOT_REGISTERED
460,38,474901,70574,497011,"[457, 456]",0,3,False,False,-1,-1,NOT_REGISTERED
461,38,698981,553670,253028,[460],0,4,False,True,-1,-1,NOT_REGISTERED
462,39,93014,89477,473738,[],0,1,True,False,-1,-1,NOT_REGISTERED
463,39,959395,777484,526336,[],0,3,True,False,-1,-1,NOT_REGISTERED
464,39,765188,96876,127195,[],0,3,True,False,-1,-1,NOT_REGISTERED
465,39,190907,560699,188390,"[462, 463]",0,2,False,False,-1,-1,NOT_REGISTERED
466,39,453813,328310,287145,"[464, 462]",0,2,False,False,-1,-1,NOT_REGISTERED
467,39,458489,856670,431602,"[462, 464, 463]",0,1,False,False,-1,-1,NOT_REGISTERED
468,39,726883,299457,475786,[464],1,2,False,False,-1,-1,NOT_REGISTERED
469,39,995679,162390,12029,[462],0,4,False,False,-1,-1,NOT_REGISTERED
470,39,205574,344751,658768,[466],0,3,False,False,-1,-1,NOT_REGISTERED
471,39,946289,585178,165166,"[468, 465, 469, 467]",0,3,False,False,-1,-1,NOT_REGISTERED
472,39,884202,61329,598384,"[469, 468, 466]",0,3,False,False,-1,-1,NOT_REGISTERED
473,39,434388,621994,672618,[470],0,3,False,False,-1,-1,NOT_REGISTERED
474,39,755286,802498,68363,[471],0,4,False,False,-1,-1,NOT_REGISTERED
475,39,13683,261790,830135,"[473, 474]",0,4,False,True,-1,-1,NOT_REGISTERED
476,39,279150,493896,980357,[473],0,3,False,True,-1,-1,NOT_REGISTERED
477,39,770321,407699,659758,[474],0,2,False,True,-1,-1,NOT_REGISTERED
478,40,831911,459401,154037,[],0,2,True,False,-1,-1,NOT_REGISTERED
479,40,170014,980064,965277,[],0,2,True,False,-1,-1,NOT_REGISTERED
480,40,822673,152817,464809,[479],0,2,False,False,-1,-1,NOT_REGISTERED
481,40,568644,135423,693627,"[479, 478]",0,2,False,False,-1,-1,NOT_REGISTERED
482,40,417638,379525,806949,[479],0,3,False,False,-1,-1,NOT_REGISTERED
483,40,668277,578456,263525,"[481, 480]",0,2,False,False,-1,-1,NOT_REGISTERED
484,40,53160,615742,332062,[482],0,4,False,False,-1,-1,NOT_REGISTERED
485,40,513940,431056,565904,"[481, 482]",0,1,False,False,-1,-1,NOT_REGISTERED
486,40,873918,352104,478990,[480],0,4,False,False,-1,-1,NOT_REGISTERED
487,40,453213,11525,236283,[482],0,2,False,False,-1,-1,NOT_REGISTERED
488,40,730429,251498,891160,[483],0,1,False,False,-1,-1,NOT_REGISTERED
489,40,13318,12145,911352,"[486, 483]",0,3,False,False,-1,-1,NOT_REGISTERED
490,40,263870,727094,630077,"[487, 483, 485]",0,2,False,False,-1,-1,NOT_REGISTERED
491,40,747286,349365,954122,"[486, 483, 485, 484, 487]",0,2,False,False,-1,-1,NOT_REGISTERED
492,40,561337,819004,537727,"[485, 484]",0,3,False,False,-1,-1,NOT_REGISTERED
493,40,880943,704340,175758,[491],0,1,False,True,-1,-1,NOT_REGISTERED
494,40,521838,815902,551577,"[492, 491, 489, 488, 490]",0,3,False,True,-1,-1,NOT_REGISTERED
495,40,111972,401955,66651,"[488, 489, 492]",0,1,False,True,-1,-1,NOT_REGISTERED
496,40,572033,109246,304268,[491],0,3,False,True,-1,-1,NOT_REGISTERED
497,41,766917,18641,457189,[],0,3,True,False,-1,-1,NOT_REGISTERED
498,41,90231,197190,362854,[],0,3,True,False,-1,-1,NOT_REGISTERED
499,41,378801,98052,972267,[],0,3,True,False,-1,-1,NOT_REGISTERED
500,41,361576,800188,325349,[],0,2,True,False,-1,-1,NOT_REGISTERED
501,41,206216,651575,961204,"[497, 500, 498, 499]",0,4,False,False,-1,-1,NOT_REGISTERED
502,41,332649,648371,640412,"[498, 499]",0,2,False,False,-1,-1,NOT_REGISTERED
503,41,114687,144414,606944,"[501, 502]",0,3,False,True,-1,-1,NOT_REGISTERED
504,41,834758,357222,882326,[501],0,4,False,True,-1,-1,NOT_REGISTERED
505,41,379818,688212,656019,"[501, 502]",0,1,False,True,-1,-1,NOT_REGISTERED
506,41,280471,905984,486973,[501],0,3,False,True,-1,-1,NOT_REGISTERED
507,41,875656,473779,643870,"[502, 501]",0,4,False,True,-1,-1,NOT_REGISTERED
508,42,541130,321980,999611,[],0,4,True,False,-1,-1,NOT_REGISTERED
509,42,747707,105185,793726,[],0,2,True,False,-1,-1,NOT_REGISTERED
510,42,848281,988658,671257,[],0,3,True,False,-1,-1,NOT_REGISTERED
511,42,113543,162896,866868,[],0,3,True,False,-1,-1,NOT_REGISTERED
512,42,118143,356989,483028,"[508, 509]",0,2,False,False,-1,-1,NOT_REGISTERED
513,42,934594,784583,850089,"[509, 511, 510, 508]",0,2,False,False,-1,-1,NOT_REGISTERED
514,42,466294,948045,196121,[508],0,3,False,False,-1,-1,NOT_REGISTERED
515,42,45748,649654,72197,"[511, 508]",0,4,False,False,-1,-1,NOT_REGISTERED
516,42,234854,509065,615323,"[515, 514]",0,2,False,False,-1,-1,NOT_REGISTERED
517,42,159929,127545,228714,[516],0,1,False,True,-1,-1,NOT_REGISTERED
518,42,104347,246696,619240,[516],0,1,False,True,-1,-1,NOT_REGISTERED
519,43,933206,408156,182826,[],0,4,True,False,-1,-1,NOT_REGISTERED
520,43,524076,371309,347283,[519],0,4,False,False,-1,-1,NOT_REGISTERED
521,43,332578,1908,564615,[519],0,4,False,False,-1,-1,NOT_REGISTERED
522,43,399846,86527,813162,[519],0,2,False,False,-1,-1,NOT_REGISTERED
523,43,969704,677396,468854,[522],0,2,False,True,-1,-1,NOT_REGISTERED
524,43,886764,958183,435068,"[520, 521]",0,3,False,True,-1,-1,NOT_REGISTERED
525,43,399290,892311,775617,[521],0,3,False,True,-1,-1,NOT_REGISTERED
526,43,970334,341296,981976,"[520, 521]",0,4,False,True,-1,-1,NOT_REGISTERED
527,44,220820,712753,942293,[],0,4,True,False,-1,-1,NOT_REGISTERED
528,44,880594,162942,47896,[],0,4,True,False,-1,-1,NOT_REGISTERED
529,44,298236,750141,737089,[],0,3,True,False,-1,-1,NOT_REGISTERED
530,44,730144,117805,141594,[],0,4,True,False,-1,-1,NOT_REGISTERED
531,44,985853,67292,99842,[],0,2,True,False,-1,-1,NOT_REGISTERED
532,44,251045,671687,548513,"[529, 527, 530, 528, 531]",0,3,False,False,-1,-1,NOT_REGISTERED
533,44,614442,882974,432299,"[530, 528, 531, 527]",0,3,False,False,-1,-1,NOT_REGISTERED
534,44,228736,380224,408001,[531],0,1,False,False,-1,-1,NOT_REGISTERED
535,44,770028,217285,110552,"[532, 533, 534]",1,2,False,True,-1,-1,NOT_REGISTERED
536,44,48444,138940,709642,"[533, 534, 532]",0,4,False,True,-1,-1,NOT_REGISTERED
537,45,309889,153992,483925,[],0,1,True,False,-1,-1,NOT_REGISTERED
538,45,248008,387979,696402,[],0,2,True,False,-1,-1,NOT_REGISTERED
539,45,837026,969361,969850,[],0,4,True,False,-1,-1,NOT_REGISTERED
540,45,327821,543094,346851,[],0,2,True,False,-1,-1,NOT_REGISTERED
541,45,880336,874174,189603,[],0,2,True,False,-1,-1,NOT_REGISTERED
542,45,740061,400374,269624,"[538, 539, 541, 540, 537]",0,4,False,False,-1,-1,NOT_REGISTERED
543,45,440943,535694,239563,"[540, 538, 537]",0,4,False,False,-1,-1,NOT_REGISTERED
544,45,49387,955223,959180,[542],0,4,False,False,-1,-1,NOT_REGISTERED
545,45,205838,499371,39210,[543],1,3,False,False,-1,-1,NOT_REGISTERED
546,45,311705,565109,795495,"[544, 545]",0,4,False,True,-1,-1,NOT_REGISTERED
547,45,7734,827164,667667,"[545, 544]",0,2,False,True,-1,-1,NOT_REGISTERED
548,45,944873,945676,467125,"[545, 544]",0,2,False,True,-1,-1,NOT_REGISTERED
549,45,210995,67657,173778,"[545, 544]",0,3,False,True,-1,-1,NOT_REGISTERED
550,46,236570,217178,404690,[],0,1,True,False,-1,-1,NOT_REGISTERED
551,46,152083,199719,589635,[],0,2,True,False,-1,-1,NOT_REGISTERED
552,46,231467,98247,142078,[],0,4,True,False,-1,-1,NOT_REGISTERED
553,46,456600,114663,180298,[],0,2,True,False,-1,-1,NOT_REGISTERED
554,46,399455,542091,779820,[],0,3,True,False,-1,-1,NOT_REGISTERED
555,46,801219,900292,46819,[551],0,3,False,False,-1,-1,NOT_REGISTERED
556,46,910560,922936,880955,[550],0,1,False,False,-1,-1,NOT_REGISTERED
557,46,395069,7381,624614,"[550, 552, 554, 553, 551]",0,2,False,False,-1,-1,NOT_REGISTERED
558,46,424091,528608,803847,"[556, 555, 557]",0,4,False,True,-1,-1,NOT_REGISTERED
559,47,249068,25247,988431,[],0,1,True,False,-1,-1,NOT_REGISTERED
560,47,770249,271437,173246,[],0,3,True,False,-1,-1,NOT_REGISTERED
561,47,933956,233699,419969,[560],0,3,False,False,-1,-1,NOT_REGISTERED
562,47,620311,766729,675416,[560],0,3,False,False,-1,-1,NOT_REGISTERED
563,47,900219,23747,144575,"[560, 559]",0,3,False,False,-1,-1,NOT_REGISTERED
564,47,768622,727888,116479,"[562, 563]",0,2,False,True,-1,-1,NOT_REGISTERED
565,47,844720,984706,290616,"[562, 563, 561]",0,1,False,True,-1,-1,NOT_REGISTERED
566,47,390193,109488,525934,"[561, 563]",0,1,False,True,-1,-1,NOT_REGISTERED
567,47,860179,919724,107706,"[562, 563]",0,1,False,True,-1,-1,NOT_REGISTERED
568,48,634626,981985,211998,[],0,2,True,False,-1,-1,NOT_REGISTERED
569,48,833033,881674,238318,[],0,1,True,False,-1,-1,NOT_REGISTERED
570,48,125869,998188,80042,"[568, 569]",0,4,False,False,-1,-1,NOT_REGISTERED
571,48,231157,458898,474459,"[569, 568]",0,3,False,False,-1,-1,NOT_REGISTERED
572,48,4200,56510,622492,"[568, 569]",1,3,False,False,-1,-1,NOT_REGISTERED
573,48,104743,284003,552602,"[568, 569]",0,4,False,False,-1,-1,NOT_REGISTERED
574,48,835179,352714,569151,"[570, 573, 571, 572]",0,2,False,False,-1,-1,NOT_REGISTERED
575,48,588722,40451,711627,[570],0,4,False,False,-1,-1,NOT_REGISTERED
576,48,340647,369080,213635,"[573, 572]",0,4,False,False,-1,-1,NOT_REGISTERED
577,48,202055,132431,385534,[576],0,4,False,False,-1,-1,NOT_REGISTERED
578,48,680680,639834,509181,"[576, 575, 574]",0,4,False,False,-1,-1,NOT_REGISTERED
579,48,98366,781224,453242,[576],0,3,False,False,-1,-1,NOT_REGISTERED
580,48,173684,14265,875818,"[574, 576, 575]",0,4,False,False,-1,-1,NOT_REGISTERED
581,48,878990,434187,799012,"[578, 579, 577, 580]",1,4,False,True,-1,-1,NOT_REGISTERED
582,48,474366,49003,4335,[578],0,4,False,True,-1,-1,NOT_REGISTERED
583,48,654106,176612,51694,"[580, 578, 579]",0,3,False,True,-1,-1,NOT_REGISTERED
584,49,47537,381320,782663,[],0,1,True,False,-1,-1,NOT_REGISTERED
585,49,92901,724949,746088,[],0,1,True,False,-1,-1,NOT_REGISTERED
586,49,260713,638627,562548,"[585, 584]",0,3,False,False,-1,-1,NOT_REGISTERED
587,49,263233,370746,971457,[585],0,3,False,False,-1,-1,NOT_REGISTERED
588,49,871854,364638,469374,"[585, 584]",0,4,False,False,-1,-1,NOT_REGISTERED
589,49,30731,34763,134857,"[588, 586]",0,4,False,False,-1,-1,NOT_REGISTERED
590,49,71218,977783,434709,"[588, 586]",0,2,False,False,-1,-1,NOT_REGISTERED
591,49,936748,345843,549478,"[587, 586, 588]",0,1,False,False,-1,-1,NOT_REGISTERED
592,49,263864,896529,732314,"[588, 587]",0,4,False,False,-1,-1,NOT_REGISTERED
593,49,728290,478237,664957,[587],0,3,False,False,-1,-1,NOT_REGISTERED
594,49,359218,96792,742921,"[592, 589]",0,2,False,False,-1,-1,NOT_REGISTERED
595,49,185964,866152,54161,[592],0,1,False,False,-1,-1,NOT_REGISTERED
596,49,569397,123548,466307,"[592, 593, 589]",0,1,False,False,-1,-1,NOT_REGISTERED
597,49,885290,346508,696142,"[590, 589, 593]",0,1,False,False,-1,-1,NOT_REGISTERED
598,49,968426,259267,545215,"[594, 596, 597]",0,3,False,True,-1,-1,NOT_REGISTERED
599,50,406269,880255,630623,[],0,4,True,False,-1,-1,NOT_REGISTERED
600,50,430550,438035,676235,[],0,2,True,False,-1,-1,NOT_REGISTERED
601,50,879844,837801,576702,[599],0,3,False,False,-1,-1,NOT_REGISTERED
602,50,569510,635074,152285,[600],0,1,False,False,-1,-1,NOT_REGISTERED
603,50,427779,425254,489086,"[599, 600]",0,1,False,False,-1,-1,NOT_REGISTERED
604,50,281305,638962,916961,"[600, 599]",0,3,False,False,-1,-1,NOT_REGISTERED
605,50,330479,624896,378454,[600],0,3,False,False,-1,-1,NOT_REGISTERED
606,50,781534,22321,561899,[605],0,4,False,False,-1,-1,NOT_REGISTERED
607,50,937223,192444,52059,"[602, 601, 604, 605]",0,4,False,False,-1,-1,NOT_REGISTERED
608,50,881000,75146,74021,"[602, 604, 601, 603]",0,2,False,False,-1,-1,NOT_REGISTERED
609,50,499012,471458,418827,[602],0,2,False,False,-1,-1,NOT_REGISTERED
610,50,455705,302492,310564,"[604, 605, 603, 602]",0,1,False,False,-1,-1,NOT_REGISTERED
611,50,77123,114430,569174,[608],0,4,False,True,-1,-1,NOT_REGISTERED
612,50,800748,228011,950180,"[610, 607, 608, 606, 609]",0,3,False,True,-1,-1,NOT_REGISTERED
613,50,986047,588349,581504,"[606, 608, 610, 609, 607]",0,1,False,True,-1,-1,NOT_REGISTERED
614,50,460576,661106,458798,"[606, 608, 610, 609, 607]",0,1,False,True,-1,-1,NOT_REGISTERED
615,50,880206,579989,692222,[608],0,1,False,True,-1,-1,NOT_REGISTERED
616,51,848329,285151,755621,[],0,1,True,False,-1,-1,NOT_REGISTERED
617,51,78824,463274,951193,[616],0,4,False,False,-1,-1,NOT_REGISTERED
618,51,406077,806972,653433,[616],0,1,False,False,-1,-1,NOT_REGISTERED
619,51,224363,522991,121670,[616],0,2,False,False,-1,-1,NOT_REGISTERED
620,51,409907,878725,994126,[616],0,4,False,False,-1,-1,NOT_REGISTERED
621,51,605198,661942,229062,[616],0,1,False,False,-1,-1,NOT_REGISTERED
622,51,211951,804243,752501,"[619, 621, 617, 620, 618]",0,1,False,True,-1,-1,NOT_REGISTERED
623,51,375828,259150,30100,"[620, 618, 619]",0,4,False,True,-1,-1,NOT_REGISTERED
624,52,524995,774762,189334,[],0,1,True,False,-1,-1,NOT_REGISTERED
625,52,192903,847708,917897,[],0,1,True,False,-1,-1,NOT_REGISTERED
626,52,773124,541438,238855,"[624, 625]",0,3,False,False,-1,-1,NOT_REGISTERED
627,52,453470,709689,177820,"[625, 624]",0,3,False,False,-1,-1,NOT_REGISTERED
628,52,714245,759584,90273,[624],0,3,False,False,-1,-1,NOT_REGISTERED
629,52,279240,180951,13158,"[624, 625]",0,4,False,False,-1,-1,NOT_REGISTERED
630,52,990355,22987,179373,"[627, 628, 629, 626]",0,1,False,True,-1,-1,NOT_REGISTERED
631,52,834304,738421,165845,"[627, 629]",0,1,False,True,-1,-1,NOT_REGISTERED
632,53,169525,537345,962979,[],0,3,True,False,-1,-1,NOT_REGISTERED
633,53,50112,323218,813348,[632],0,2,False,False,-1,-1,NOT_REGISTERED
634,53,250459,577925,496688,[632],0,1,False,False,-1,-1,NOT_REGISTERED
635,53,657529,609117,483136,[632],0,4,False,False,-1,-1,NOT_REGISTERED
636,53,819930,11490,549162,"[633, 635, 634]",0,1,False,True,-1,-1,NOT_REGISTERED
637,53,533191,452578,610254,"[633, 634]",0,3,False,True,-1,-1,NOT_REGISTERED
638,53,709234,442854,622000,"[633, 634]",0,4,False,True,-1,-1,NOT_REGISTERED
639,53,233971,381888,607814,"[635, 634, 633]",0,4,False,True,-1,-1,NOT_REGISTERED
640,53,64939,259159,102499,"[634, 635, 633]",0,2,False,True,-1,-1,NOT_REGISTERED
641,54,645183,661099,761093,[],0,4,True,False,-1,-1,NOT_REGISTERED
642,54,970765,471069,39234,[],0,3,True,False,-1,-1,NOT_REGISTERED
643,54,67417,939295,677426,[],0,1,True,False,-1,-1,NOT_REGISTERED
644,54,113347,955090,91638,[],0,2,True,False,-1,-1,NOT_REGISTERED
645,54,563550,225767,738760,[],0,1,True,False,-1,-1,NOT_REGISTERED
646,54,547498,973881,260327,"[641, 642, 643, 645]",0,3,False,False,-1,-1,NOT_REGISTERED
647,54,25825,842956,786499,[645],0,2,False,False,-1,-1,NOT_REGISTERED
648,54,773668,356194,112820,"[643, 644, 642]",0,2,False,False,-1,-1,NOT_REGISTERED
649,54,275490,179483,256936,"[642, 645, 644, 641]",0,2,False,False,-1,-1,NOT_REGISTERED
650,54,964930,189307,645360,"[647, 646, 648, 649]",0,2,False,False,-1,-1,NOT_REGISTERED
651,54,520224,674553,788463,"[646, 647, 648, 649]",0,3,False,False,-1,-1,NOT_REGISTERED
652,54,752008,17602,217672,"[649, 647, 648]",0,4,False,False,-1,-1,NOT_REGISTERED
653,54,658839,710989,244526,[649],0,3,False,False,-1,-1,NOT_REGISTERED
654,54,839454,28481,305741,"[650, 653, 652, 651]",0,4,False,False,-1,-1,NOT_REGISTERED
655,54,330486,922554,714392,[650],0,4,False,False,-1,-1,NOT_REGISTERED
656,54,15380,385983,666725,"[652, 653, 651]",0,2,False,False,-1,-1,NOT_REGISTERED
657,54,869226,693985,735553,[652],0,3,False,False,-1,-1,NOT_REGISTERED
658,54,734352,765137,322774,"[654, 655, 656, 657]",0,3,False,True,-1,-1,NOT_REGISTERED
659,54,211861,999076,536022,"[655, 657, 654]",0,1,False,True,-1,-1,NOT_REGISTERED
660,54,667918,391282,372744,"[654, 657]",0,4,False,True,-1,-1,NOT_REGISTERED
661,54,87007,290776,892675,[656],0,1,False,True,-1,-1,NOT_REGISTERED
662,54,199807,52716,809450,"[657, 656, 655]",0,3,False,True,-1,-1,NOT_REGISTERED
663,55,232347,720096,33621,[],0,1,True,False,-1,-1,NOT_REGISTERED
664,55,590476,620142,706544,[],0,1,True,False,-1,-1,NOT_REGISTERED
665,55,815994,461745,319601,[],0,3,True,False,-1,-1,NOT_REGISTERED
666,55,655380,620916,732440,[],0,2,True,False,-1,-1,NOT_REGISTERED
667,55,896920,574795,75387,"[664, 665]",0,3,False,False,-1,-1,NOT_REGISTERED
668,55,72751,523283,466263,[665],0,1,False,False,-1,-1,NOT_REGISTERED
669,55,563093,62573,696876,"[663, 665]",0,3,False,False,-1,-1,NOT_REGISTERED
670,55,247650,602089,360086,"[665, 666, 664, 663]",0,3,False,False,-1,-1,NOT_REGISTERED
671,55,599683,357682,273972,"[670, 668, 667]",0,1,False,False,-1,-1,NOT_REGISTERED
672,55,303973,204564,799660,[671],0,4,False,True,-1,-1,NOT_REGISTERED
673,55,801430,7529,211806,[671],0,4,False,True,-1,-1,NOT_REGISTERED
674,55,853824,520970,902262,[671],0,3,False,True,-1,-1,NOT_REGISTERED
675,55,423700,932646,381567,[671],0,1,False,True,-1,-1,NOT_REGISTERED
676,55,122337,690803,76131,[671],0,3,False,True,-1,-1,NOT_REGISTERED
677,56,845891,291140,244610,[],0,2,True,False,-1,-1,NOT_REGISTERED
678,56,251691,378381,332442,[677],0,3,False,False,-1,-1,NOT_REGISTERED
679,56,708923,288745,279635,[678],1,3,False,True,-1,-1,NOT_REGISTERED
680,56,427767,776404,426140,[678],0,2,False,True,-1,-1,NOT_REGISTERED
681,56,543777,635482,660916,[678],0,3,False,True,-1,-1,NOT_REGISTERED
682,56,82936,50620,22293,[678],0,2,False,True,-1,-1,NOT_REGISTERED
683,57,215872,66340,221928,[],0,4,True,False,-1,-1,NOT_REGISTERED
684,57,184173,842734,368793,[],0,1,True,False,-1,-1,NOT_REGISTERED
685,57,211272,378816,111788,[],0,1,True,False,-1,-1,NOT_REGISTERED
686,57,781801,465522,807379,[685],0,1,False,False,-1,-1,NOT_REGISTERED
687,57,312680,909948,76366,"[683, 685]",0,3,False,False,-1,-1,NOT_REGISTERED
688,57,145143,328918,813531,"[683, 684]",0,1,False,False,-1,-1,NOT_REGISTERED
689,57,565298,512651,969005,"[686, 688, 687]",0,2,False,True,-1,-1,NOT_REGISTERED
690,57,240269,675330,408767,"[687, 688, 686]",0,1,False,True,-1,-1,NOT_REGISTERED
691,58,668259,403553,316489,[],0,1,True,False,-1,-1,NOT_REGISTERED
692,58,698087,814309,623615,[],0,1,True,False,-1,-1,NOT_REGISTERED
693,58,542794,258283,29379,[],0,1,True,False,-1,-1,NOT_REGISTERED
694,58,145738,931132,345581,[],0,3,True,False,-1,-1,NOT_REGISTERED
695,58,473112,616547,527805,[],0,4,True,False,-1,-1,NOT_REGISTERED
696,58,626598,332438,931058,"[691, 693, 692]",0,3,False,False,-1,-1,NOT_REGISTERED
697,58,422922,60036,925259,"[691, 692, 693]",0,2,False,False,-1,-1,NOT_REGISTERED
698,58,183283,341425,387915,"[695, 691, 692]",0,4,False,False,-1,-1,NOT_REGISTERED
699,58,840078,624606,489096,"[695, 691, 692]",0,1,False,False,-1,-1,NOT_REGISTERED
700,58,291273,663038,510511,"[699, 696, 698, 697]",0,1,False,True,-1,-1,NOT_REGISTERED
701,58,124574,484593,747101,[698],0,1,False,True,-1,-1,NOT_REGISTERED
702,59,628208,459688,729701,[],0,1,True,False,-1,-1,NOT_REGISTERED
703,59,245204,525129,279099,[],0,1,True,False,-1,-1,NOT_REGISTERED
704,59,49997,706011,651381,[],0,2,True,False,-1,-1,NOT_REGISTERED
705,59,994265,826169,359353,[704],0,1,False,False,-1,-1,NOT_REGISTERED
706,59,207913,408570,690582,"[702, 703]",1,1,False,False,-1,-1,NOT_REGISTERED
707,59,648690,241478,956864,[703],0,2,False,False,-1,-1,NOT_REGISTERED
708,59,373104,697464,106061,[702],0,1,False,False,-1,-1,NOT_REGISTERED
709,59,573854,912116,924908,"[706, 705, 708]",0,4,False,False,-1,-1,NOT_REGISTERED
710,59,52980,496895,988516,[709],0,4,False,True,-1,-1,NOT_REGISTERED
711,59,214817,336735,979969,[709],0,2,False,True,-1,-1,NOT_REGISTERED
712,59,662156,352741,549089,[709],0,3,False,True,-1,-1,NOT_REGISTERED
713,59,809497,267191,791351,[709],0,4,False,True,-1,-1,NOT_REGISTERED
714,59,695918,281857,352956,[709],0,1,False,True,-1,-1,NOT_REGISTERED
715,60,427142,619957,442058,[],0,1,True,False,-1,-1,NOT_REGISTERED
716,60,629141,528832,709790,[],0,4,True,False,-1,-1,NOT_REGISTERED
717,60,744857,318690,693543,[],0,4,True,False,-1,-1,NOT_REGISTERED
718,60,726902,503725,441870,[],0,3,True,False,-1,-1,NOT_REGISTERED
719,60,264765,57107,870171,[],0,1,True,False,-1,-1,NOT_REGISTERED
720,60,977294,672010,400288,"[715, 716, 719, 717, 718]",1,3,False,False,-1,-1,NOT_REGISTERED
721,60,579300,794986,860833,"[719, 716, 717, 718, 715]",0,4,False,False,-1,-1,NOT_REGISTERED
722,60,159030,355543,195332,[719],0,3,False,False,-1,-1,NOT_REGISTERED
723,60,220455,856148,624089,"[720, 721]",0,4,False,True,-1,-1,NOT_REGISTERED
724,60,66879,256336,786003,[720],0,1,False,True,-1,-1,NOT_REGISTERED
725,60,37298,291223,5281,"[720, 721, 722]",0,3,False,True,-1,-1,NOT_REGISTERED
726,60,854770,845562,148783,"[722, 721, 720]",0,4,False,True,-1,-1,NOT_REGISTERED
727,60,990439,902951,339404,[722],0,3,False,True,-1,-1,NOT_REGISTERED
728,61,97184,502463,715075,[],0,4,True,False,-1,-1,NOT_REGISTERED
729,61,849452,137709,82954,[],0,1,True,False,-1,-1,NOT_REGISTERED
730,61,980085,787990,172638,[729],0,4,False,False,-1,-1,NOT_REGISTERED
731,61,582427,125685,997997,[730],0,2,False,False,-1,-1,NOT_REGISTERED
732,61,730302,352850,508755,[731],0,2,False,True,-1,-1,NOT_REGISTERED
733,62,994862,183340,88706,[],0,2,True,False,-1,-1,NOT_REGISTERED
734,62,84171,877062,779125,[],0,3,True,False,-1,-1,NOT_REGISTERED
735,62,704770,870921,888219,[],0,2,True,False,-1,-1,NOT_REGISTERED
736,62,667753,712142,605320,[],0,1,True,False,-1,-1,NOT_REGISTERED
737,62,508736,776369,130757,"[735, 736, 734, 733]",0,4,False,False,-1,-1,NOT_REGISTERED
738,62,176975,565059,213704,[737],0,3,False,True,-1,-1,NOT_REGISTERED
739,62,588213,469161,245434,[737],0,4,False,True,-1,-1,NOT_REGISTERED
740,63,738797,845767,220245,[],0,1,True,False,-1,-1,NOT_REGISTERED
741,63,357899,76142,921718,[],0,4,True,False,-1,-1,NOT_REGISTERED
742,63,55072,947472,43875,[],0,3,True,False,-1,-1,NOT_REGISTERED
743,63,135682,299157,351170,[],0,2,True,False,-1,-1,NOT_REGISTERED
744,63,487525,400745,22533,"[742, 743]",0,2,False,False,-1,-1,NOT_REGISTERED
745,63,220110,432417,726544,[742],0,3,False,False,-1,-1,NOT_REGISTERED
746,63,864893,137832,468672,[742],0,1,False,False,-1,-1,NOT_REGISTERED
747,63,225897,821844,930249,"[740, 743, 741]",0,3,False,False,-1,-1,NOT_REGISTERED
748,63,968383,414754,465528,[746],0,1,False,True,-1,-1,NOT_REGISTERED
749,63,460890,613610,468615,"[747, 744]",0,1,False,True,-1,-1,NOT_REGISTERED
750,64,870401,390353,537887,[],1,1,True,False,-1,-1,NOT_REGISTERED
751,64,181509,938204,733162,[750],0,3,False,False,-1,-1,NOT_REGISTERED
752,64,121992,132564,559196,[750],0,4,False,False,-1,-1,NOT_REGISTERED
753,64,866457,753452,48150,[750],0,1,False,False,-1,-1,NOT_REGISTERED
754,64,117238,279025,692328,[750],0,3,False,False,-1,-1,NOT_REGISTERED
755,64,33304,561861,587323,"[752, 751, 754]",0,1,False,True,-1,-1,NOT_REGISTERED
756,64,995310,317605,335034,[751],0,3,False,True,-1,-1,NOT_REGISTERED
757,64,824934,284214,938004,"[751, 752, 753]",0,4,False,True,-1,-1,NOT_REGISTERED
758,64,360638,113462,792314,[754],0,3,False,True,-1,-1,NOT_REGISTERED
759,64,84064,834154,178785,"[752, 754]",0,4,False,True,-1,-1,NOT_REGISTERED
760,65,376069,943737,715021,[],0,2,True,False,-1,-1,NOT_REGISTERED
761,65,323258,695037,664151,[760],0,4,False,False,-1,-1,NOT_REGISTERED
762,65,613908,764136,947836,[760],0,3,False,False,-1,-1,NOT_REGISTERED
763,65,743175,792653,741517,"[761, 762]",0,3,False,False,-1,-1,NOT_REGISTERED
764,65,223526,710031,258768,[762],0,3,False,False,-1,-1,NOT_REGISTERED
765,65,457626,890857,459157,"[761, 762]",0,3,False,False,-1,-1,NOT_REGISTERED
766,65,707850,261300,982368,"[762, 761]",0,1,False,False,-1,-1,NOT_REGISTERED
767,65,103830,737862,967785,[761],0,4,False,False,-1,-1,NOT_REGISTERED
768,65,151619,803734,797146,"[767, 766]",0,1,False,True,-1,-1,NOT_REGISTERED
769,65,832594,14853,622707,"[765, 763, 764, 767]",0,3,False,True,-1,-1,NOT_REGISTERED
770,65,142006,437500,929201,"[765, 764, 767]",0,3,False,True,-1,-1,NOT_REGISTERED
771,66,533996,774286,347181,[],0,3,True,False,-1,-1,NOT_REGISTERED
772,66,421102,290975,974525,[],0,2,True,False,-1,-1,NOT_REGISTERED
773,66,628431,100413,55891,[],0,1,True,False,-1,-1,NOT_REGISTERED
774,66,210053,177099,522169,[],0,1,True,False,-1,-1,NOT_REGISTERED
775,66,396415,501962,189055,[],0,3,True,False,-1,-1,NOT_REGISTERED
776,66,245953,886605,320416,[775],0,4,False,False,-1,-1,NOT_REGISTERED
777,66,414743,965179,671372,"[775, 771]",0,3,False,False,-1,-1,NOT_REGISTERED
778,66,453031,947684,687665,"[771, 775, 773, 774]",0,3,False,False,-1,-1,NOT_REGISTERED
779,66,148557,402182,877015,[775],0,2,False,False,-1,-1,NOT_REGISTERED
780,66,65534,382529,876003,"[776, 778, 779]",0,3,False,True,-1,-1,NOT_REGISTERED
781,66,642696,387578,26490,"[778, 776]",0,3,False,True,-1,-1,NOT_REGISTERED
782,67,933028,325816,255890,[],0,4,True,False,-1,-1,NOT_REGISTERED
783,67,541067,147297,864514,[],0,4,True,False,-1,-1,NOT_REGISTERED
784,67,256010,945672,241841,[],0,2,True,False,-1,-1,NOT_REGISTERED
785,67,905889,71312,941647,[784],0,1,False,False,-1,-1,NOT_REGISTERED
786,67,248651,136488,26595,"[783, 784, 782]",0,1,False,False,-1,-1,NOT_REGISTERED
787,67,709615,475235,703989,[784],0,2,False,False,-1,-1,NOT_REGISTERED
788,67,788176,513547,107070,"[783, 784]",0,3,False,False,-1,-1,NOT_REGISTERED
789,67,978615,81234,777860,"[782, 783]",0,4,False,False,-1,-1,NOT_REGISTERED
790,67,485777,172520,222710,"[786, 787, 789, 788, 785]",0,1,False,True,-1,-1,NOT_REGISTERED
791,68,560322,562357,953615,[],1,3,True,False,-1,-1,NOT_REGISTERED
792,68,349698,39134,81043,[791],0,2,False,False,-1,-1,NOT_REGISTERED
793,68,539528,158832,6612,[792],0,2,False,False,-1,-1,NOT_REGISTERED
794,68,782470,357389,279214,[792],0,2,False,False,-1,-1,NOT_REGISTERED
795,68,690763,622554,178070,[793],0,2,False,True,-1,-1,NOT_REGISTERED
796,68,603321,579630,155393,"[794, 793]",1,2,False,True,-1,-1,NOT_REGISTERED
797,68,909906,969058,501268,"[794, 793]",0,3,False,True,-1,-1,NOT_REGISTERED
798,69,108624,293389,924408,[],0,1,True,False,-1,-1,NOT_REGISTERED
799,69,718780,395952,78817,[],0,1,True,False,-1,-1,NOT_REGISTERED
800,69,221004,923248,616914,[],0,3,True,False,-1,-1,NOT_REGISTERED
801,69,241433,528584,251369,[800],1,1,False,False,-1,-1,NOT_REGISTERED
802,69,34041,283447,271377,"[800, 799, 798]",0,4,False,False,-1,-1,NOT_REGISTERED
803,69,391866,645415,469011,"[799, 798, 800]",0,3,False,False,-1,-1,NOT_REGISTERED
804,69,336630,255723,267900,[801],0,4,False,False,-1,-1,NOT_REGISTERED
805,69,783014,165715,936694,[804],0,2,False,False,-1,-1,NOT_REGISTERED
806,69,372546,339063,236841,[804],0,3,False,False,-1,-1,NOT_REGISTERED
807,69,768957,318749,551233,[806],0,1,False,True,-1,-1,NOT_REGISTERED
808,69,945291,196787,775711,"[805, 806]",0,1,False,True,-1,-1,NOT_REGISTERED
809,70,827349,272738,536907,[],0,4,True,False,-1,-1,NOT_REGISTERED
810,70,24989,496280,173343,[809],0,3,False,False,-1,-1,NOT_REGISTERED
811,70,808247,495507,845381,[809],1,1,False,False,-1,-1,NOT_REGISTERED
812,70,835181,868067,370703,[809],1,3,False,False,-1,-1,NOT_REGISTERED
813,70,245248,72313,326179,[809],0,1,False,False,-1,-1,NOT_REGISTERED
814,70,293745,764317,201227,[809],0,1,False,False,-1,-1,NOT_REGISTERED
815,70,732198,176518,361857,"[813, 810, 811, 812]",0,2,False,False,-1,-1,NOT_REGISTERED
816,70,581704,165578,747001,[813],0,4,False,False,-1,-1,NOT_REGISTERED
817,70,215602,396710,294848,"[813, 810]",0,3,False,False,-1,-1,NOT_REGISTERED
818,70,203848,706428,661693,"[810, 812]",0,1,False,False,-1,-1,NOT_REGISTERED
819,70,122524,38973,634847,"[810, 812]",0,3,False,False,-1,-1,NOT_REGISTERED
820,70,737605,561981,285203,[815],0,3,False,False,-1,-1,NOT_REGISTERED
821,70,481962,826965,239638,"[817, 816, 819]",0,2,False,False,-1,-1,NOT_REGISTERED
822,70,400738,384781,500370,"[816, 815, 819, 817]",0,3,False,False,-1,-1,NOT_REGISTERED
823,70,977548,30749,998850,"[818, 817, 815, 816]",0,2,False,False,-1,-1,NOT_REGISTERED
824,70,585857,459912,436513,[818],0,3,False,False,-1,-1,NOT_REGISTERED
825,70,977695,585505,42810,[821],0,1,False,True,-1,-1,NOT_REGISTERED
826,70,560205,386720,817084,"[822, 824, 821, 823, 820]",0,3,False,True,-1,-1,NOT_REGISTERED
827,71,887216,380521,773434,[],0,2,True,False,-1,-1,NOT_REGISTERED
828,71,212882,903074,802907,[],0,3,True,False,-1,-1,NOT_REGISTERED
829,71,571899,467696,691014,[],0,3,True,False,-1,-1,NOT_REGISTERED
830,71,396376,130435,585370,[],0,1,True,False,-1,-1,NOT_REGISTERED
831,71,267467,446435,492333,[],0,4,True,False,-1,-1,NOT_REGISTERED
832,71,511334,142271,828763,"[828, 827, 830, 831]",0,3,False,False,-1,-1,NOT_REGISTERED
833,71,747326,570084,203742,"[828, 827, 829, 830]",0,3,False,False,-1,-1,NOT_REGISTERED
834,71,564187,586856,29258,"[829, 828, 827]",0,2,False,False,-1,-1,NOT_REGISTERED
835,71,129189,506422,5953,"[830, 827, 831]",0,4,False,False,-1,-1,NOT_REGISTERED
836,71,172777,601063,664025,"[834, 833, 832, 835]",0,2,False,True,-1,-1,NOT_REGISTERED
837,71,788245,450725,848053,"[835, 834, 833, 832]",0,2,False,True,-1,-1,NOT_REGISTERED
838,72,238489,844736,485255,[],0,3,True,False,-1,-1,NOT_REGISTERED
839,72,472805,907978,365738,[],0,3,True,False,-1,-1,NOT_REGISTERED
840,72,431487,7760,304482,[],0,2,True,False,-1,-1,NOT_REGISTERED
841,72,759637,517732,185793,[],0,4,True,False,-1,-1,NOT_REGISTERED
842,72,266009,509721,725019,[],0,3,True,False,-1,-1,NOT_REGISTERED
843,72,277721,392753,467454,"[840, 839, 842, 838, 841]",0,1,False,False,-1,-1,NOT_REGISTERED
844,72,18417,918866,985972,"[841, 839]",0,4,False,False,-1,-1,NOT_REGISTERED
845,72,618910,734105,715267,[844],0,1,False,False,-1,-1,NOT_REGISTERED
846,72,674548,109853,897779,[843],0,4,False,False,-1,-1,NOT_REGISTERED
847,72,107938,989955,366244,[844],0,1,False,False,-1,-1,NOT_REGISTERED
848,72,174536,494740,469798,"[845, 847]",0,1,False,False,-1,-1,NOT_REGISTERED
849,72,339705,191920,827972,"[845, 847]",0,2,False,False,-1,-1,NOT_REGISTERED
850,72,441130,15026,31655,[845],0,2,False,False,-1,-1,NOT_REGISTERED
851,72,581523,214965,311768,"[846, 845, 847]",0,2,False,False,-1,-1,NOT_REGISTERED
852,72,503519,435080,860409,"[845, 847, 846]",0,4,False,False,-1,-1,NOT_REGISTERED
853,72,794627,277119,37648,[852],0,1,False,True,-1,-1,NOT_REGISTERED
854,72,176980,976586,630007,[849],0,2,False,True,-1,-1,NOT_REGISTERED
855,73,45866,316530,435365,[],0,2,True,False,-1,-1,NOT_REGISTERED
856,73,256645,840545,412852,[],0,1,True,False,-1,-1,NOT_REGISTERED
857,73,874181,782880,638118,[],1,1,True,False,-1,-1,NOT_REGISTERED
858,73,886067,901113,480389,"[856, 857, 855]",0,4,False,False,-1,-1,NOT_REGISTERED
859,73,214512,103921,957927,"[855, 857, 856]",0,4,False,False,-1,-1,NOT_REGISTERED
860,73,441367,109229,843309,[855],0,1,False,False,-1,-1,NOT_REGISTERED
861,73,906229,224674,970938,"[857, 855, 856]",0,1,False,False,-1,-1,NOT_REGISTERED
862,73,844681,751873,812272,[860],0,3,False,False,-1,-1,NOT_REGISTERED
863,73,939978,275891,802610,"[858, 860, 861, 859]",0,3,False,False,-1,-1,NOT_REGISTERED
864,73,510884,817702,761657,[861],0,1,False,False,-1,-1,NOT_REGISTERED
865,73,416537,631950,581619,[858],0,3,False,False,-1,-1,NOT_REGISTERED
866,73,602659,170478,679834,"[860, 861, 858]",0,1,False,False,-1,-1,NOT_REGISTERED
867,73,442526,832135,886848,"[862, 866, 865, 864, 863]",0,3,False,False,-1,-1,NOT_REGISTERED
868,73,511080,627591,838489,"[862, 865, 864, 863]",0,2,False,False,-1,-1,NOT_REGISTERED
869,73,912953,10399,766120,"[863, 865, 864, 862, 866]",0,4,False,False,-1,-1,NOT_REGISTERED
870,73,115596,932297,319613,"[868, 869]",0,4,False,True,-1,-1,NOT_REGISTERED
871,73,351856,81492,649567,"[867, 868, 869]",0,1,False,True,-1,-1,NOT_REGISTERED
872,73,906367,436945,283588,"[868, 867]",0,1,False,True,-1,-1,NOT_REGISTERED
873,73,92902,396610,580814,[869],0,2,False,True,-1,-1,NOT_REGISTERED
874,73,1914,358836,636258,[867],0,1,False,True,-1,-1,NOT_REGISTERED
875,74,139740,476137,908932,[],0,3,True,False,-1,-1,NOT_REGISTERED
876,74,194109,353826,552929,[],0,1,True,False,-1,-1,NOT_REGISTERED
877,74,947665,702508,61244,"[875, 876]",0,3,False,False,-1,-1,NOT_REGISTERED
878,74,367517,970837,735894,[875],0,2,False,False,-1,-1,NOT_REGISTERED
879,74,250210,570362,560859,[875],1,2,False,False,-1,-1,NOT_REGISTERED
880,74,68134,866044,915414,[878],0,4,False,False,-1,-1,NOT_REGISTERED
881,74,763990,763614,345070,[880],0,3,False,True,-1,-1,NOT_REGISTERED
882,74,921921,617812,136869,[880],0,3,False,True,-1,-1,NOT_REGISTERED
883,75,566412,800386,855652,[],0,3,True,False,-1,-1,NOT_REGISTERED
884,75,441445,569541,491148,[883],0,1,False,False,-1,-1,NOT_REGISTERED
885,75,830038,749584,910271,[883],0,3,False,False,-1,-1,NOT_REGISTERED
886,75,716134,467210,696232,[883],0,3,False,False,-1,-1,NOT_REGISTERED
887,75,176745,867609,37613,[883],0,2,False,False,-1,-1,NOT_REGISTERED
888,75,622464,713780,657981,[883],0,1,False,False,-1,-1,NOT_REGISTERED
889,75,264713,114463,908777,"[884, 886, 888, 885]",0,2,False,False,-1,-1,NOT_REGISTERED
890,75,192346,829442,239798,"[884, 888, 885]",0,4,False,False,-1,-1,NOT_REGISTERED
891,75,965218,112766,741010,[890],0,4,False,True,-1,-1,NOT_REGISTERED
892,75,541478,880736,543762,[890],0,4,False,True,-1,-1,NOT_REGISTERED
893,76,331006,651349,2014,[],0,1,True,False,-1,-1,NOT_REGISTERED
894,76,64768,923067,995629,[],0,3,True,False,-1,-1,NOT_REGISTERED
895,76,811619,837126,432543,[],0,3,True,False,-1,-1,NOT_REGISTERED
896,76,637173,328445,245589,[],0,1,True,False,-1,-1,NOT_REGISTERED
897,76,640253,815230,775813,[893],0,4,False,False,-1,-1,NOT_REGISTERED
898,76,209996,24799,386908,"[896, 894, 895, 893]",1,2,False,False,-1,-1,NOT_REGISTERED
899,76,397345,383182,621970,"[898, 897]",0,1,False,True,-1,-1,NOT_REGISTERED
900,76,131833,766425,984898,[897],0,3,False,True,-1,-1,NOT_REGISTERED
901,76,214133,589855,927264,[898],0,1,False,True,-1,-1,NOT_REGISTERED
902,76,54070,573356,627963,[898],0,1,False,True,-1,-1,NOT_REGISTERED
903,77,635001,268837,604898,[],0,4,True,False,-1,-1,NOT_REGISTERED
904,77,102280,391061,819182,[],0,4,True,False,-1,-1,NOT_REGISTERED
905,77,515971,658940,753621,[903],0,4,False,False,-1,-1,NOT_REGISTERED
906,77,226982,45703,400785,[903],0,1,False,False,-1,-1,NOT_REGISTERED
907,77,905664,96608,745125,[904],0,2,False,False,-1,-1,NOT_REGISTERED
908,77,318401,971281,543403,[904],0,3,False,False,-1,-1,NOT_REGISTERED
909,77,351778,999254,339521,[907],0,2,False,False,-1,-1,NOT_REGISTERED
910,77,963897,636524,789490,[909],0,4,False,True,-1,-1,NOT_REGISTERED
911,77,664529,543158,303410,[909],0,1,False,True,-1,-1,NOT_REGISTERED
912,78,225897,812670,419742,[],0,4,True,False,-1,-1,NOT_REGISTERED
913,78,913854,369154,297434,[912],0,3,False,False,-1,-1,NOT_REGISTERED
914,78,593699,971671,211366,[912],0,3,False,False,-1,-1,NOT_REGISTERED
915,78,856832,592490,625861,"[914, 913]",0,4,False,False,-1,-1,NOT_REGISTERED
916,78,555075,603875,178274,[913],0,1,False,False,-1,-1,NOT_REGISTERED
917,78,252209,860663,578594,"[914, 913]",0,1,False,False,-1,-1,NOT_REGISTERED
918,78,524486,286868,876495,"[913, 914]",0,1,False,False,-1,-1,NOT_REGISTERED
919,78,60823,143884,500874,"[917, 916, 915, 918]",0,2,False,False,-1,-1,NOT_REGISTERED
920,78,382973,825287,272524,[919],0,1,False,True,-1,-1,NOT_REGISTERED
921,78,287482,408736,767835,[919],0,2,False,True,-1,-1,NOT_REGISTERED
922,78,852450,130152,498111,[919],0,1,False,True,-1,-1,NOT_REGISTERED
923,78,251848,539093,977304,[919],0,2,False,True,-1,-1,NOT_REGISTERED
924,78,981838,181697,132595,[919],0,3,False,True,-1,-1,NOT_REGISTERED
925,79,842013,121430,317313,[],0,4,True,False,-1,-1,NOT_REGISTERED
926,79,617058,570414,596470,[],1,4,True,False,-1,-1,NOT_REGISTERED
927,79,916481,804654,136384,[],0,4,True,False,-1,-1,NOT_REGISTERED
928,79,343266,490872,534151,"[925, 926, 927]",0,3,False,False,-1,-1,NOT_REGISTERED
929,79,353639,212476,785253,[928],0,2,False,True,-1,-1,NOT_REGISTERED
930,80,169051,161321,956652,[],0,3,True,False,-1,-1,NOT_REGISTERED
931,80,741343,214604,388536,[930],0,1,False,False,-1,-1,NOT_REGISTERED
932,80,749479,588340,804517,[931],0,2,False,False,-1,-1,NOT_REGISTERED
933,80,903168,696464,876148,[931],0,1,False,False,-1,-1,NOT_REGISTERED
934,80,596974,310686,170810,[931],0,1,False,False,-1,-1,NOT_REGISTERED
935,80,864623,730014,899649,[931],0,1,False,False,-1,-1,NOT_REGISTERED
936,80,138634,17916,268030,[931],0,4,False,False,-1,-1,NOT_REGISTERED
937,80,371627,840284,901738,"[932, 936, 935, 933, 934]",1,4,False,False,-1,-1,NOT_REGISTERED
938,80,559585,216660,258222,[935],0,4,False,False,-1,-1,NOT_REGISTERED
939,80,36581,569235,519034,[938],0,1,False,True,-1,-1,NOT_REGISTERED
940,81,724903,101222,964403,[],0,1,True,False,-1,-1,NOT_REGISTERED
941,81,610291,602121,191409,[],0,3,True,False,-1,-1,NOT_REGISTERED
942,81,146589,47692,262594,[],0,3,True,False,-1,-1,NOT_REGISTERED
943,81,913866,835019,345048,"[940, 941]",0,1,False,False,-1,-1,NOT_REGISTERED
944,81,576625,874082,239021,"[942, 941]",0,2,False,False,-1,-1,NOT_REGISTERED
945,81,979550,537146,359906,"[942, 941]",0,3,False,False,-1,-1,NOT_REGISTERED
946,81,21070,840007,125262,[945],0,4,False,False,-1,-1,NOT_REGISTERED
947,81,883008,803715,819171,"[945, 943]",0,4,False,False,-1,-1,NOT_REGISTERED
948,81,283120,447772,767961,[945],0,4,False,False,-1,-1,NOT_REGISTERED
949,81,589522,974826,206508,"[947, 948, 946]",0,3,False,False,-1,-1,NOT_REGISTERED
950,81,330095,391656,902226,"[946, 947, 948]",0,1,False,False,-1,-1,NOT_REGISTERED
951,81,210007,900497,543088,[948],0,3,False,False,-1,-1,NOT_REGISTERED
952,81,48875,65434,274638,"[947, 948, 946]",0,2,False,False,-1,-1,NOT_REGISTERED
953,81,292745,963728,308766,"[952, 950]",0,2,False,True,-1,-1,NOT_REGISTERED
954,81,608524,971819,652136,"[950, 952, 949]",0,1,False,True,-1,-1,NOT_REGISTERED
955,81,550752,933933,615482,"[950, 951]",0,4,False,True,-1,-1,NOT_REGISTERED
956,81,121017,188718,628129,"[952, 951, 949]",0,1,False,True,-1,-1,NOT_REGISTERED
957,81,667361,983737,644087,"[950, 951, 949, 952]",1,2,False,True,-1,-1,NOT_REGISTERED
958,82,640378,27244,744345,[],0,1,True,False,-1,-1,NOT_REGISTERED
959,82,677580,252819,464317,[],0,4,True,False,-1,-1,NOT_REGISTERED
960,82,364448,806699,780759,[],0,3,True,False,-1,-1,NOT_REGISTERED
961,82,449717,703445,695654,[960],0,4,False,False,-1,-1,NOT_REGISTERED
962,82,283404,42465,16322,"[959, 960, 958]",1,4,False,False,-1,-1,NOT_REGISTERED
963,82,406818,702192,513849,"[961, 962]",1,4,False,False,-1,-1,NOT_REGISTERED
964,82,767556,240754,982979,"[962, 961]",0,2,False,False,-1,-1,NOT_REGISTERED
965,82,239694,799732,47751,[961],0,4,False,False,-1,-1,NOT_REGISTERED
966,82,903305,6790,193024,[965],0,4,False,False,-1,-1,NOT_REGISTERED
967,82,814037,327845,444921,"[963, 964, 965]",0,3,False,False,-1,-1,NOT_REGISTERED
968,82,280161,152182,880207,"[963, 965, 964]",0,4,False,False,-1,-1,NOT_REGISTERED
969,82,279373,496717,949670,[963],0,3,False,False,-1,-1,NOT_REGISTERED
970,82,962655,464833,543746,[964],0,4,False,False,-1,-1,NOT_REGISTERED
971,82,542553,441201,734871,"[968, 967]",0,3,False,True,-1,-1,NOT_REGISTERED
972,82,554162,69442,690235,"[968, 970, 967, 966]",0,3,False,True,-1,-1,NOT_REGISTERED
973,82,828499,780180,34405,"[966, 969, 967]",0,3,False,True,-1,-1,NOT_REGISTERED
974,83,782262,510111,510420,[],0,1,True,False,-1,-1,NOT_REGISTERED
975,83,192336,336116,658871,[974],0,4,False,False,-1,-1,NOT_REGISTERED
976,83,640977,316852,165019,[974],0,2,False,False,-1,-1,NOT_REGISTERED
977,83,324843,67038,988507,[974],0,3,False,False,-1,-1,NOT_REGISTERED
978,83,476099,164924,900586,[974],0,3,False,False,-1,-1,NOT_REGISTERED
979,83,473726,45825,900521,"[978, 977, 975, 976]",0,4,False,False,-1,-1,NOT_REGISTERED
980,83,874700,686206,222851,"[978, 977, 976]",0,1,False,False,-1,-1,NOT_REGISTERED
981,83,527666,660562,200962,"[977, 976, 975, 978]",0,3,False,False,-1,-1,NOT_REGISTERED
982,83,64243,390564,246745,"[980, 979, 981]",0,2,False,False,-1,-1,NOT_REGISTERED
983,83,985771,932957,431432,"[979, 980]",0,3,False,False,-1,-1,NOT_REGISTERED
984,83,73851,632479,439552,[979],0,2,False,False,-1,-1,NOT_REGISTERED
985,83,370884,868743,569200,"[980, 981]",0,2,False,False,-1,-1,NOT_REGISTERED
986,83,976328,235406,315497,"[983, 985, 984, 982]",0,4,False,True,-1,-1,NOT_REGISTERED
987,83,863195,955052,358183,[983],0,1,False,True,-1,-1,NOT_REGISTERED
988,83,549032,125569,987506,"[983, 982, 984]",0,4,False,True,-1,-1,NOT_REGISTERED
989,83,832779,332054,321728,"[985, 982]",0,3,False,True,-1,-1,NOT_REGISTERED
990,83,209525,451817,329081,"[982, 983, 984, 985]",0,1,False,True,-1,-1,NOT_REGISTERED
991,84,346438,334223,105317,[],0,2,True,False,-1,-1,NOT_REGISTERED
992,84,594290,270490,538352,[],0,1,True,False,-1,-1,NOT_REGISTERED
993,84,609753,155030,575353,[],0,1,True,False,-1,-1,NOT_REGISTERED
994,84,445554,813945,413277,[],0,1,True,False,-1,-1,NOT_REGISTERED
995,84,582872,757321,145990,[],0,2,True,False,-1,-1,NOT_REGISTERED
996,84,929907,806488,964869,"[993, 991, 992, 995, 994]",0,1,False,False,-1,-1,NOT_REGISTERED
997,84,170790,775163,967611,"[995, 991, 992, 993]",0,3,False,False,-1,-1,NOT_REGISTERED
998,84,289813,128097,399331,"[994, 995, 991, 993]",0,3,False,False,-1,-1,NOT_REGISTERED
999,84,581236,585380,591820,"[995, 991, 994]",0,2,False,False,-1,-1,NOT_REGISTERED
1000,84,133981,2227,880439,"[994, 995]",0,1,False,False,-1,-1,NOT_REGISTERED
1001,84,60432,210774,112036,"[1000, 998, 996, 999]",1,1,False,False,-1,-1,NOT_REGISTERED
1002,84,988137,765112,573327,"[1000, 997, 996]",0,2,False,False,-1,-1,NOT_REGISTERED
1003,84,382467,789199,860581,"[1000, 996]",0,2,False,False,-1,-1,NOT_REGISTERED
1004,84,896422,179076,76783,"[1003, 1001, 1002]",0,3,False,False,-1,-1,NOT_REGISTERED
1005,84,944586,222501,462835,[1002],0,2,False,False,-1,-1,NOT_REGISTERED
1006,84,313395,222835,53478,"[1003, 1002]",0,4,False,False,-1,-1,NOT_REGISTERED
1007,84,638382,732940,267127,"[1006, 1004]",1,1,False,True,-1,-1,NOT_REGISTERED
1008,84,51977,361938,339971,[1004],0,4,False,True,-1,-1,NOT_REGISTERED
1009,84,240935,68318,167363,[1006],0,2,False,True,-1,-1,NOT_REGISTERED
1010,85,300200,985389,793774,[],0,2,True,False,-1,-1,NOT_REGISTERED
1011,85,346905,86661,963177,[],0,1,True,False,-1,-1,NOT_REGISTERED
1012,85,579395,7491,398305,[],0,1,True,False,-1,-1,NOT_REGISTERED
1013,85,401694,386833,145947,"[1010, 1011]",0,3,False,False,-1,-1,NOT_REGISTERED
1014,85,130367,535751,986413,[1012],0,4,False,False,-1,-1,NOT_REGISTERED
1015,85,969392,914740,344309,"[1014, 1013]",0,1,False,False,-1,-1,NOT_REGISTERED
1016,85,123401,208146,713159,[1015],1,4,False,True,-1,-1,NOT_REGISTERED
1017,85,918410,859869,302323,[1015],0,3,False,True,-1,-1,NOT_REGISTERED
1018,85,931901,927309,359586,[1015],0,3,False,True,-1,-1,NOT_REGISTERED
1019,86,248162,439579,15377,[],0,1,True,False,-1,-1,NOT_REGISTERED
1020,86,493262,700703,303387,[],0,3,True,False,-1,-1,NOT_REGISTERED
1021,86,217305,571715,415360,"[1019, 1020]",0,1,False,False,-1,-1,NOT_REGISTERED
1022,86,551147,522120,9453,"[1020, 1019]",0,3,False,False,-1,-1,NOT_REGISTERED
1023,86,965059,874266,262817,"[1022, 1021]",0,4,False,True,-1,-1,NOT_REGISTERED
1024,86,397545,869782,652753,"[1021, 1022]",0,3,False,True,-1,-1,NOT_REGISTERED
1025,86,330799,2886,938377,[1021],0,2,False,True,-1,-1,NOT_REGISTERED
1026,86,753880,279700,818168,"[1021, 1022]",0,4,False,True,-1,-1,NOT_REGISTERED
1027,87,182952,776125,80893,[],0,2,True,False,-1,-1,NOT_REGISTERED
1028,87,795156,599976,237592,[],1,2,True,False,-1,-1,NOT_REGISTERED
1029,87,980441,527342,414639,[],1,4,True,False,-1,-1,NOT_REGISTERED
1030,87,902922,910794,402745,[],0,3,True,False,-1,-1,NOT_REGISTERED
1031,87,941127,96021,494371,[],0,1,True,False,-1,-1,NOT_REGISTERED
1032,87,677358,832093,927367,"[1028, 1031, 1030, 1029]",0,1,False,False,-1,-1,NOT_REGISTERED
1033,87,919392,65902,619964,"[1028, 1027, 1029, 1031, 1030]",0,1,False,False,-1,-1,NOT_REGISTERED
1034,87,739402,153634,748307,[1031],0,2,False,False,-1,-1,NOT_REGISTERED
1035,87,597386,534658,769521,"[1030, 1028, 1029, 1031]",0,3,False,False,-1,-1,NOT_REGISTERED
1036,87,407788,533956,498613,"[1028, 1029]",0,3,False,False,-1,-1,NOT_REGISTERED
1037,87,326146,754854,182473,"[1036, 1032]",0,3,False,True,-1,-1,NOT_REGISTERED
1038,88,804764,137061,585322,[],0,2,True,False,-1,-1,NOT_REGISTERED
1039,88,993655,873702,781519,[1038],0,4,False,False,-1,-1,NOT_REGISTERED
1040,88,400729,902226,779484,[1038],0,1,False,False,-1,-1,NOT_REGISTERED
1041,88,68710,978498,31718,[1038],0,2,False,False,-1,-1,NOT_REGISTERED
1042,88,636332,909292,743794,[1038],0,1,False,False,-1,-1,NOT_REGISTERED
1043,88,657955,651019,517220,"[1042, 1040, 1041, 1039]",0,1,False,False,-1,-1,NOT_REGISTERED
1044,88,859220,458843,65442,[1040],0,1,False,False,-1,-1,NOT_REGISTERED
1045,88,715159,117232,652367,[1043],0,2,False,False,-1,-1,NOT_REGISTERED
1046,88,379273,377670,161117,[1045],0,3,False,True,-1,-1,NOT_REGISTERED
1047,88,437729,863018,167560,[1045],0,4,False,True,-1,-1,NOT_REGISTERED
1048,88,287792,516440,865255,[1045],0,2,False,True,-1,-1,NOT_REGISTERED
1049,89,709086,163888,679784,[],0,2,True,False,-1,-1,NOT_REGISTERED
1050,89,271965,257627,348123,[],0,4,True,False,-1,-1,NOT_REGISTERED
1051,89,397090,492633,729266,[],0,4,True,False,-1,-1,NOT_REGISTERED
1052,89,71029,350641,926841,[],0,1,True,False,-1,-1,NOT_REGISTERED
1053,89,441104,856557,125477,"[1051, 1052]",0,1,False,False,-1,-1,NOT_REGISTERED
1054,89,152345,816047,828296,"[1051, 1049]",0,4,False,False,-1,-1,NOT_REGISTERED
1055,89,9392,62770,334704,[1049],0,2,False,False,-1,-1,NOT_REGISTERED
1056,89,103461,401698,961420,"[1054, 1055, 1053]",0,2,False,False,-1,-1,NOT_REGISTERED
1057,89,139426,704738,428468,"[1053, 1055, 1054]",0,3,False,False,-1,-1,NOT_REGISTERED
1058,89,105521,18248,907401,[1057],0,1,False,True,-1,-1,NOT_REGISTERED
1059,89,808517,868286,852624,"[1057, 1056]",0,3,False,True,-1,-1,NOT_REGISTERED
1060,89,765358,359844,306035,"[1057, 1056]",0,1,False,True,-1,-1,NOT_REGISTERED
1061,89,582185,7160,356266,[1057],0,4,False,True,-1,-1,NOT_REGISTERED
1062,90,436864,389334,904348,[],0,1,True,False,-1,-1,NOT_REGISTERED
1063,90,468381,130846,467618,[],0,1,True,False,-1,-1,NOT_REGISTERED
1064,90,694550,475809,379553,[],0,2,True,False,-1,-1,NOT_REGISTERED
1065,90,594219,407208,609995,[],0,1,True,False,-1,-1,NOT_REGISTERED
1066,90,912492,408291,628000,[],0,2,True,False,-1,-1,NOT_REGISTERED
1067,90,559559,524926,921562,"[1063, 1064, 1065, 1066, 1062]",0,1,False,False,-1,-1,NOT_REGISTERED
1068,90,92066,482307,801460,[1063],0,4,False,False,-1,-1,NOT_REGISTERED
1069,90,796898,568574,585774,"[1064, 1066, 1065, 1063]",0,2,False,False,-1,-1,NOT_REGISTERED
1070,90,33787,114240,167820,[1068],0,3,False,False,-1,-1,NOT_REGISTERED
1071,90,219174,547307,816509,"[1069, 1067, 1068]",0,2,False,False,-1,-1,NOT_REGISTERED
1072,90,180664,326174,479494,"[1068, 1069]",0,1,False,False,-1,-1,NOT_REGISTERED
1073,90,150166,761249,780759,[1072],0,4,False,True,-1,-1,NOT_REGISTERED
1074,90,409242,853390,484783,"[1070, 1072, 1071]",0,1,False,True,-1,-1,NOT_REGISTERED
1075,90,703948,139243,934347,[1072],0,3,False,True,-1,-1,NOT_REGISTERED
1076,90,191430,905154,961682,[1071],0,4,False,True,-1,-1,NOT_REGISTERED
1077,90,762965,429618,200696,[1072],0,3,False,True,-1,-1,NOT_REGISTERED
1078,91,685781,729582,124691,[],0,1,True,False,-1,-1,NOT_REGISTERED
1079,91,800246,932185,961287,[],0,1,True,False,-1,-1,NOT_REGISTERED
1080,91,436089,230943,252192,[],0,3,True,False,-1,-1,NOT_REGISTERED
1081,91,262083,764035,71386,"[1079, 1080]",0,4,False,False,-1,-1,NOT_REGISTERED
1082,91,484173,297400,788304,"[1078, 1080]",0,1,False,False,-1,-1,NOT_REGISTERED
1083,91,860302,514031,583843,[1082],0,3,False,True,-1,-1,NOT_REGISTERED
1084,91,302807,259868,807334,"[1082, 1081]",0,1,False,True,-1,-1,NOT_REGISTERED
1085,91,811716,506479,289661,[1082],0,4,False,True,-1,-1,NOT_REGISTERED
1086,92,786271,789103,355638,[],0,1,True,False,-1,-1,NOT_REGISTERED
1087,92,962884,704525,378095,[],0,3,True,False,-1,-1,NOT_REGISTERED
1088,92,278041,317503,877761,[],0,1,True,False,-1,-1,NOT_REGISTERED
1089,92,912601,534011,388139,[],0,3,True,False,-1,-1,NOT_REGISTERED
1090,92,244458,645425,836912,[],0,2,True,False,-1,-1,NOT_REGISTERED
1091,92,76669,260017,180778,"[1086, 1087]",0,4,False,False,-1,-1,NOT_REGISTERED
1092,92,772969,469085,822717,"[1086, 1089, 1088, 1087, 1090]",0,1,False,False,-1,-1,NOT_REGISTERED
1093,92,797601,317253,661908,[1092],0,1,False,False,-1,-1,NOT_REGISTERED
1094,92,758020,421092,685322,[1091],0,1,False,False,-1,-1,NOT_REGISTERED
1095,92,902598,88322,160544,[1092],0,3,False,False,-1,-1,NOT_REGISTERED
1096,92,236307,477396,552545,"[1092, 1091]",0,3,False,False,-1,-1,NOT_REGISTERED
1097,92,90768,392648,612495,"[1096, 1094, 1095]",0,2,False,True,-1,-1,NOT_REGISTERED
1098,93,90886,375058,812318,[],0,2,True,False,-1,-1,NOT_REGISTERED
1099,93,615876,568770,39153,[],0,3,True,False,-1,-1,NOT_REGISTERED
1100,93,209613,647440,750949,[],0,3,True,False,-1,-1,NOT_REGISTERED
1101,93,355405,397522,427841,"[1098, 1099]",0,4,False,False,-1,-1,NOT_REGISTERED
1102,93,899888,235032,728852,[1099],0,2,False,False,-1,-1,NOT_REGISTERED
1103,93,154391,917741,861226,"[1098, 1099, 1100]",0,3,False,False,-1,-1,NOT_REGISTERED
1104,93,711992,619131,799919,[1098],0,4,False,False,-1,-1,NOT_REGISTERED
1105,93,704302,887810,592547,[1103],0,4,False,False,-1,-1,NOT_REGISTERED
1106,93,817723,590616,23406,[1105],0,4,False,True,-1,-1,NOT_REGISTERED
1107,93,786986,271516,605174,[1105],0,3,False,True,-1,-1,NOT_REGISTERED
1108,93,491233,788287,711823,[1105],1,2,False,True,-1,-1,NOT_REGISTERED
1109,93,700165,478987,908400,[1105],0,4,False,True,-1,-1,NOT_REGISTERED
1110,93,697660,762338,51561,[1105],0,4,False,True,-1,-1,NOT_REGISTERED
1111,94,265626,179263,527122,[],0,3,True,False,-1,-1,NOT_REGISTERED
1112,94,220758,761742,220736,[],0,1,True,False,-1,-1,NOT_REGISTERED
1113,94,74576,395555,891368,[],1,1,True,False,-1,-1,NOT_REGISTERED
1114,94,53260,214650,470783,[],0,2,True,False,-1,-1,NOT_REGISTERED
1115,94,420231,126198,753137,[],0,2,True,False,-1,-1,NOT_REGISTERED
1116,94,611332,584694,103243,"[1115, 1111]",0,1,False,False,-1,-1,NOT_REGISTERED
1117,94,515634,303138,912416,[1115],0,1,False,False,-1,-1,NOT_REGISTERED
1118,94,886505,477359,50127,"[1112, 1115, 1114, 1111]",0,1,False,False,-1,-1,NOT_REGISTERED
1119,94,673965,660667,953309,"[1117, 1116, 1118]",0,1,False,True,-1,-1,NOT_REGISTERED
1120,94,856520,33470,286675,"[1117, 1116]",0,4,False,True,-1,-1,NOT_REGISTERED
1121,94,783684,742369,264987,"[1118, 1116]",0,3,False,True,-1,-1,NOT_REGISTERED
1122,94,317860,15551,274295,"[1117, 1118, 1116]",1,1,False,True,-1,-1,NOT_REGISTERED
1123,94,327292,821029,838248,[1116],0,3,False,True,-1,-1,NOT_REGISTERED
1124,95,583513,327342,838848,[],0,3,True,False,-1,-1,NOT_REGISTERED
1125,95,990079,82534,576532,[1124],0,2,False,False,-1,-1,NOT_REGISTERED
1126,95,727502,515238,468495,[1124],0,4,False,False,-1,-1,NOT_REGISTERED
1127,95,206357,31567,459569,[1124],0,4,False,False,-1,-1,NOT_REGISTERED
1128,95,134636,653135,737545,"[1126, 1125]",0,1,False,True,-1,-1,NOT_REGISTERED
1129,96,735251,820337,985145,[],0,2,True,False,-1,-1,NOT_REGISTERED
1130,96,880165,890839,310759,[],0,1,True,False,-1,-1,NOT_REGISTERED
1131,96,285117,657949,795118,[],0,4,True,False,-1,-1,NOT_REGISTERED
1132,96,948768,332358,860459,[],0,1,True,False,-1,-1,NOT_REGISTERED
1133,96,165075,698170,154085,"[1131, 1132]",0,4,False,False,-1,-1,NOT_REGISTERED
1134,96,226018,976386,655490,[1133],0,1,False,False,-1,-1,NOT_REGISTERED
1135,96,550163,31689,791212,[1133],0,2,False,False,-1,-1,NOT_REGISTERED
1136,96,155892,948222,834982,[1133],0,1,False,False,-1,-1,NOT_REGISTERED
1137,96,974009,17228,637969,[1133],0,3,False,False,-1,-1,NOT_REGISTERED
1138,96,642363,465827,832496,[1133],0,4,False,False,-1,-1,NOT_REGISTERED
1139,96,856029,345727,652464,"[1137, 1134]",0,1,False,False,-1,-1,NOT_REGISTERED
1140,96,834935,174737,369369,"[1138, 1134, 1137, 1135]",0,1,False,False,-1,-1,NOT_REGISTERED
1141,96,861178,533638,494630,"[1135, 1134, 1136]",0,2,False,False,-1,-1,NOT_REGISTERED
1142,96,57570,920946,940980,"[1136, 1137, 1134, 1138, 1135]",0,1,False,False,-1,-1,NOT_REGISTERED
1143,96,110089,989354,250876,"[1140, 1142, 1141]",0,1,False,True,-1,-1,NOT_REGISTERED
1144,96,358431,546377,654824,"[1140, 1141, 1142]",0,3,False,True,-1,-1,NOT_REGISTERED
1145,96,872365,940082,35980,[1140],0,3,False,True,-1,-1,NOT_REGISTERED
1146,96,247304,218315,443628,[1141],0,1,False,True,-1,-1,NOT_REGISTERED
1147,97,551364,536364,275181,[],0,1,True,False,-1,-1,NOT_REGISTERED
1148,97,959934,322003,732793,[],0,2,True,False,-1,-1,NOT_REGISTERED
1149,97,841419,574722,433104,[],0,4,True,False,-1,-1,NOT_REGISTERED
1150,97,728489,559018,801409,[],0,2,True,False,-1,-1,NOT_REGISTERED
1151,97,124204,909929,624312,"[1147, 1148]",0,1,False,False,-1,-1,NOT_REGISTERED
1152,97,864928,982543,2772,[1151],0,3,False,False,-1,-1,NOT_REGISTERED
1153,97,747090,357741,678650,[1151],0,2,False,False,-1,-1,NOT_REGISTERED
1154,97,311973,255597,380834,[1151],0,1,False,False,-1,-1,NOT_REGISTERED
1155,97,503721,321780,785490,[1151],0,2,False,False,-1,-1,NOT_REGISTERED
1156,97,424689,779878,67270,[1151],0,2,False,False,-1,-1,NOT_REGISTERED
1157,97,405721,506673,427403,"[1152, 1156, 1154, 1153, 1155]",0,4,False,True,-1,-1,NOT_REGISTERED
1158,97,489501,724637,891785,"[1156, 1152]",0,2,False,True,-1,-1,NOT_REGISTERED
1159,97,599384,135969,116668,"[1153, 1155]",0,2,False,True,-1,-1,NOT_REGISTERED
1160,97,328371,639799,623415,"[1153, 1152, 1156]",0,2,False,True,-1,-1,NOT_REGISTERED
1161,97,834352,854513,55554,"[1152, 1154, 1156, 1155, 1153]",0,2,False,True,-1,-1,NOT_REGISTERED
1162,98,296484,171874,228243,[],0,1,True,False,-1,-1,NOT_REGISTERED
1163,98,225217,758657,767146,[],0,3,True,False,-1,-1,NOT_REGISTERED
1164,98,70708,374724,468530,[],0,2,True,False,-1,-1,NOT_REGISTERED
1165,98,995558,661410,317468,[],0,3,True,False,-1,-1,NOT_REGISTERED
1166,98,16863,941038,530992,"[1165, 1163, 1162, 1164]",0,1,False,False,-1,-1,NOT_REGISTERED
1167,98,979150,919581,46988,"[1163, 1164, 1162, 1165]",0,3,False,False,-1,-1,NOT_REGISTERED
1168,98,26134,396282,442921,"[1164, 1162, 1163]",1,1,False,False,-1,-1,NOT_REGISTERED
1169,98,385872,788001,62179,[1162],0,2,False,False,-1,-1,NOT_REGISTERED
1170,98,136943,115866,64994,[1169],0,1,False,True,-1,-1,NOT_REGISTERED
1171,98,645803,285000,815476,[1167],0,1,False,True,-1,-1,NOT_REGISTERED
1172,99,299466,961497,870378,[],0,2,True,False,-1,-1,NOT_REGISTERED
1173,99,701227,474966,643358,[],0,1,True,False,-1,-1,NOT_REGISTERED
1174,99,914540,709823,227800,[],0,1,True,False,-1,-1,NOT_REGISTERED
1175,99,332388,379741,321219,[],0,4,True,False,-1,-1,NOT_REGISTERED
1176,99,555192,209770,390168,"[1174, 1175, 1173]",0,4,False,False,-1,-1,NOT_REGISTERED
1177,99,483647,998014,292585,"[1175, 1172, 1174, 1173]",0,1,False,False,-1,-1,NOT_REGISTERED
1178,99,245832,908562,12788,[1173],0,2,False,False,-1,-1,NOT_REGISTERED
1179,99,397131,582223,253542,[1175],0,4,False,False,-1,-1,NOT_REGISTERED
1180,99,794124,820187,686014,"[1174, 1172, 1173, 1175]",0,2,False,False,-1,-1,NOT_REGISTERED
1181,99,212156,351114,617088,"[1179, 1180]",0,2,False,False,-1,-1,NOT_REGISTERED
1182,99,614029,194409,924108,[1181],0,3,False,True,-1,-1,NOT_REGISTERED
1183,99,638698,472757,108707,[1181],0,4,False,True,-1,-1,NOT_REGISTERED
1184,99,575807,552833,381782,[1181],0,1,False,True,-1,-1,NOT_REGISTERED
1185,99,901848,640781,190603,[1181],0,3,False,True,-1,-1,NOT_REGISTERED
1186,99,343547,151603,335012,[1181],0,3,False,True,-1,-1,NOT_REGISTERED
