job_id,computational_load,input_size,out_put_size,predecessors,is_safe,task_kind,is_head,is_tail,execution_time,energy_consumed,status
0,820880,435317,701695,,0,3,True,False,-1,-1,NOT_REGISTERED
0,932579,964487,625402,[0],1,3,False,False,-1,-1,NOT_REGISTERED
0,813264,931447,711329,[0],1,3,False,False,-1,-1,NOT_REGISTERED
0,853716,590508,452677,[1],0,4,False,True,-1,-1,NOT_REGISTERED
1,419547,283593,781181,[1],0,1,False,True,-1,-1,NOT_REGISTERED
0,412556,376644,709888,,0,2,True,False,-1,-1,NOT_REGISTERED
1,866395,232474,187895,,0,2,True,False,-1,-1,NOT_REGISTERED
2,996313,509088,843671,,0,3,True,False,-1,-1,NOT_REGISTERED
3,353764,176513,196587,,0,1,True,False,-1,-1,NOT_REGISTERED
4,360403,887111,296269,,0,4,True,False,-1,-1,NOT_REGISTERED
0,488140,670326,807763,"[5, 6]",0,2,False,False,-1,-1,NOT_REGISTERED
0,513420,230445,659209,"[6, 9]",0,4,False,False,-1,-1,NOT_REGISTERED
0,838094,467658,649617,"[8, 9]",0,4,False,False,-1,-1,NOT_REGISTERED
0,360108,509395,941062,"[8, 7, 6, 9, 5]",0,3,False,False,-1,-1,NOT_REGISTERED
1,178294,473880,381539,[13],0,3,False,False,-1,-1,NOT_REGISTERED
2,279915,884968,944766,[14],0,2,False,False,-1,-1,NOT_REGISTERED
2,227799,728120,264836,[14],0,2,False,False,-1,-1,NOT_REGISTERED
2,419839,182131,13884,[14],0,2,False,False,-1,-1,NOT_REGISTERED
2,522487,406098,441308,[14],0,1,False,False,-1,-1,NOT_REGISTERED
2,524710,276373,912342,[14],0,3,False,False,-1,-1,NOT_REGISTERED
0,507345,456070,317911,"[19, 17, 15, 16, 18]",0,4,False,True,-1,-1,NOT_REGISTERED
1,838863,674150,171095,"[18, 19]",0,1,False,True,-1,-1,NOT_REGISTERED
2,155767,553449,750499,"[15, 18, 17]",0,3,False,True,-1,-1,NOT_REGISTERED
0,397169,707124,292608,,0,4,True,False,-1,-1,NOT_REGISTERED
0,878906,287802,481154,[23],1,3,False,False,-1,-1,NOT_REGISTERED
0,818403,820663,567384,[23],0,4,False,False,-1,-1,NOT_REGISTERED
1,401579,754259,169577,"[24, 25]",0,4,False,False,-1,-1,NOT_REGISTERED
1,876357,79305,416179,[25],0,3,False,False,-1,-1,NOT_REGISTERED
1,619003,480285,42001,"[24, 25]",0,2,False,False,-1,-1,NOT_REGISTERED
1,831882,365919,963200,"[25, 24]",0,4,False,False,-1,-1,NOT_REGISTERED
1,845145,857921,670024,"[25, 24]",0,3,False,False,-1,-1,NOT_REGISTERED
2,506773,279815,974948,"[26, 27]",0,2,False,False,-1,-1,NOT_REGISTERED
2,776814,108742,406378,"[27, 28, 26, 30]",0,2,False,False,-1,-1,NOT_REGISTERED
2,507848,935757,898914,"[29, 27]",0,2,False,False,-1,-1,NOT_REGISTERED
2,445175,149180,872908,"[28, 26, 27, 30]",0,3,False,False,-1,-1,NOT_REGISTERED
2,292655,896154,854167,"[27, 29]",0,1,False,False,-1,-1,NOT_REGISTERED
0,823510,526309,584454,"[33, 31]",1,4,False,True,-1,-1,NOT_REGISTERED
1,680264,254855,854569,"[35, 34, 32]",0,3,False,True,-1,-1,NOT_REGISTERED
2,369201,903804,692845,"[34, 35, 32, 31, 33]",0,1,False,True,-1,-1,NOT_REGISTERED
3,833230,381425,562295,[33],1,1,False,True,-1,-1,NOT_REGISTERED
4,465450,427974,408829,"[35, 31, 33, 34]",0,1,False,True,-1,-1,NOT_REGISTERED
0,796088,117001,653796,,0,3,True,False,-1,-1,NOT_REGISTERED
1,493363,272050,986928,,0,4,True,False,-1,-1,NOT_REGISTERED
0,105788,709457,855058,"[41, 42]",0,4,False,False,-1,-1,NOT_REGISTERED
0,302755,933883,366899,"[41, 42]",0,1,False,False,-1,-1,NOT_REGISTERED
0,264867,10553,612940,[42],0,1,False,False,-1,-1,NOT_REGISTERED
0,854957,444951,62726,"[42, 41]",0,2,False,False,-1,-1,NOT_REGISTERED
0,811315,951322,591703,"[45, 43, 46]",0,4,False,True,-1,-1,NOT_REGISTERED
1,430736,588820,980626,"[45, 44]",0,4,False,True,-1,-1,NOT_REGISTERED
2,539143,937795,314146,[46],0,3,False,True,-1,-1,NOT_REGISTERED
3,73402,944784,266515,"[46, 44, 43, 45]",0,4,False,True,-1,-1,NOT_REGISTERED
4,176457,633302,968790,"[43, 45, 46]",0,4,False,True,-1,-1,NOT_REGISTERED
0,99527,668588,155597,,0,2,True,False,-1,-1,NOT_REGISTERED
0,281318,473261,455961,[52],0,3,False,False,-1,-1,NOT_REGISTERED
0,205383,432328,590247,[52],0,1,False,False,-1,-1,NOT_REGISTERED
0,194848,173162,200640,[52],0,3,False,False,-1,-1,NOT_REGISTERED
0,636903,527331,300847,[52],0,1,False,False,-1,-1,NOT_REGISTERED
1,905640,151707,762478,[53],0,4,False,False,-1,-1,NOT_REGISTERED
1,613576,11114,684840,"[56, 54, 53, 55]",0,2,False,False,-1,-1,NOT_REGISTERED
1,194187,551130,28836,"[54, 55]",0,4,False,False,-1,-1,NOT_REGISTERED
2,59240,653102,876869,"[57, 59, 58]",0,2,False,False,-1,-1,NOT_REGISTERED
2,347659,432955,612308,"[58, 59]",0,4,False,False,-1,-1,NOT_REGISTERED
2,451341,215175,237698,[58],0,1,False,False,-1,-1,NOT_REGISTERED
2,364852,942679,920547,"[58, 59]",0,4,False,False,-1,-1,NOT_REGISTERED
0,868945,223907,759523,[62],0,4,False,True,-1,-1,NOT_REGISTERED
1,979326,317343,815960,"[62, 61, 63, 60]",0,3,False,True,-1,-1,NOT_REGISTERED
2,567161,367804,573899,"[61, 60, 63]",0,3,False,True,-1,-1,NOT_REGISTERED
3,556847,566186,849814,"[62, 63, 60, 61]",0,2,False,True,-1,-1,NOT_REGISTERED
4,517781,663563,457290,[60],0,2,False,True,-1,-1,NOT_REGISTERED
0,950695,391572,338525,,0,1,True,False,-1,-1,NOT_REGISTERED
1,171028,326537,600738,,0,3,True,False,-1,-1,NOT_REGISTERED
0,911478,820377,322819,"[69, 70]",0,1,False,False,-1,-1,NOT_REGISTERED
0,969827,408678,75157,"[70, 69]",0,3,False,False,-1,-1,NOT_REGISTERED
0,139415,913048,131298,"[70, 69]",0,1,False,False,-1,-1,NOT_REGISTERED
0,205590,357854,555302,[69],0,3,False,False,-1,-1,NOT_REGISTERED
0,444154,518635,14787,[69],0,4,False,False,-1,-1,NOT_REGISTERED
1,866066,183616,172509,[71],0,4,False,False,-1,-1,NOT_REGISTERED
0,49117,906360,16797,[76],0,1,False,True,-1,-1,NOT_REGISTERED
1,827021,712834,125881,[76],0,4,False,True,-1,-1,NOT_REGISTERED
0,980876,933816,534525,,0,2,True,False,-1,-1,NOT_REGISTERED
1,632522,259061,169856,,0,4,True,False,-1,-1,NOT_REGISTERED
2,108764,954306,711621,,0,1,True,False,-1,-1,NOT_REGISTERED
3,623696,655622,7827,,0,3,True,False,-1,-1,NOT_REGISTERED
4,680733,740380,814740,,1,4,True,False,-1,-1,NOT_REGISTERED
0,494781,268600,678921,"[79, 82, 81]",0,2,False,False,-1,-1,NOT_REGISTERED
0,195827,157728,829246,"[83, 81, 82, 79, 80]",0,2,False,False,-1,-1,NOT_REGISTERED
0,426916,565161,783768,"[80, 81, 83, 79, 82]",0,1,False,False,-1,-1,NOT_REGISTERED
0,691251,65377,347986,"[80, 83]",0,3,False,False,-1,-1,NOT_REGISTERED
1,302491,105035,238771,[86],0,2,False,False,-1,-1,NOT_REGISTERED
1,752717,546099,286278,"[86, 85, 84, 87]",0,4,False,False,-1,-1,NOT_REGISTERED
0,135682,497571,790410,"[88, 89]",0,2,False,True,-1,-1,NOT_REGISTERED
1,123437,564268,276513,"[89, 88]",0,2,False,True,-1,-1,NOT_REGISTERED
0,59011,375041,861745,,0,1,True,False,-1,-1,NOT_REGISTERED
1,419202,541680,611751,,0,4,True,False,-1,-1,NOT_REGISTERED
2,771268,68059,685171,,0,1,True,False,-1,-1,NOT_REGISTERED
3,696131,888305,55859,,0,3,True,False,-1,-1,NOT_REGISTERED
4,623825,519067,253165,,0,3,True,False,-1,-1,NOT_REGISTERED
0,152428,997389,13370,"[92, 96]",0,4,False,False,-1,-1,NOT_REGISTERED
0,611146,112357,786278,[97],0,2,False,True,-1,-1,NOT_REGISTERED
1,476762,866138,65432,[97],0,3,False,True,-1,-1,NOT_REGISTERED
2,463362,252012,350895,[97],0,2,False,True,-1,-1,NOT_REGISTERED
3,266535,35247,804395,[97],0,4,False,True,-1,-1,NOT_REGISTERED
4,241051,821116,740811,[97],0,2,False,True,-1,-1,NOT_REGISTERED
0,840869,698690,399425,,0,4,True,False,-1,-1,NOT_REGISTERED
0,470071,180999,364494,[103],0,4,False,False,-1,-1,NOT_REGISTERED
0,896163,735075,123299,[103],0,2,False,False,-1,-1,NOT_REGISTERED
1,546723,411163,565068,[104],0,3,False,False,-1,-1,NOT_REGISTERED
1,106657,205603,392755,"[105, 104]",0,2,False,False,-1,-1,NOT_REGISTERED
2,684621,580313,29863,[106],0,4,False,False,-1,-1,NOT_REGISTERED
2,463575,547050,729181,"[107, 106]",0,2,False,False,-1,-1,NOT_REGISTERED
2,224525,771680,669910,[107],0,4,False,False,-1,-1,NOT_REGISTERED
2,548664,712421,131659,"[106, 107]",0,2,False,False,-1,-1,NOT_REGISTERED
2,63293,554560,508508,"[107, 106]",1,4,False,False,-1,-1,NOT_REGISTERED
0,412170,587804,28114,"[112, 108, 109]",0,4,False,True,-1,-1,NOT_REGISTERED
1,993722,224188,26676,"[112, 109, 110]",0,3,False,True,-1,-1,NOT_REGISTERED
0,506996,949384,674661,,0,3,True,False,-1,-1,NOT_REGISTERED
1,163792,254064,273829,,0,1,True,False,-1,-1,NOT_REGISTERED
2,612431,313284,741552,,0,2,True,False,-1,-1,NOT_REGISTERED
3,610929,19994,873802,,0,2,True,False,-1,-1,NOT_REGISTERED
4,795838,443409,126838,,0,3,True,False,-1,-1,NOT_REGISTERED
0,262481,685788,213312,[117],0,1,False,False,-1,-1,NOT_REGISTERED
0,273959,737089,219122,"[119, 116, 115]",1,2,False,False,-1,-1,NOT_REGISTERED
0,8738,278535,718671,"[119, 116, 115, 118]",0,3,False,False,-1,-1,NOT_REGISTERED
0,98788,281163,549711,[118],0,1,False,False,-1,-1,NOT_REGISTERED
0,701589,340857,384536,"[115, 117, 119, 116]",0,1,False,False,-1,-1,NOT_REGISTERED
1,658819,17831,491981,"[123, 120]",0,3,False,False,-1,-1,NOT_REGISTERED
1,979959,343412,180597,"[120, 121, 123, 124]",0,2,False,False,-1,-1,NOT_REGISTERED
2,874329,333902,16807,[125],0,3,False,False,-1,-1,NOT_REGISTERED
2,120663,866770,805481,"[125, 126]",0,3,False,False,-1,-1,NOT_REGISTERED
0,852336,287161,395856,[127],0,3,False,True,-1,-1,NOT_REGISTERED
1,910109,279300,925187,"[128, 127]",0,3,False,True,-1,-1,NOT_REGISTERED
0,563045,900325,632994,,0,4,True,False,-1,-1,NOT_REGISTERED
0,391471,837952,213891,[131],0,1,False,False,-1,-1,NOT_REGISTERED
0,936013,16052,376262,[131],0,4,False,False,-1,-1,NOT_REGISTERED
1,496382,293103,513969,[132],0,4,False,False,-1,-1,NOT_REGISTERED
1,521136,997922,724124,"[132, 133]",0,2,False,False,-1,-1,NOT_REGISTERED
1,852096,159549,934309,"[132, 133]",0,1,False,False,-1,-1,NOT_REGISTERED
1,13866,172201,596590,[132],0,4,False,False,-1,-1,NOT_REGISTERED
2,244449,421202,36488,"[137, 135, 136, 134]",1,1,False,False,-1,-1,NOT_REGISTERED
2,257489,924937,723594,"[134, 136, 135, 137]",0,4,False,False,-1,-1,NOT_REGISTERED
2,567555,301916,449134,"[134, 137, 135, 136]",0,1,False,False,-1,-1,NOT_REGISTERED
0,370104,168244,566742,"[139, 138, 140]",0,4,False,True,-1,-1,NOT_REGISTERED
0,135016,552536,424177,,0,1,True,False,-1,-1,NOT_REGISTERED
1,468584,243255,71916,,0,3,True,False,-1,-1,NOT_REGISTERED
2,732484,922721,27694,,0,2,True,False,-1,-1,NOT_REGISTERED
3,691740,579768,177982,,0,4,True,False,-1,-1,NOT_REGISTERED
0,412729,581171,301178,[143],0,4,False,False,-1,-1,NOT_REGISTERED
1,600797,252769,589978,[146],0,2,False,False,-1,-1,NOT_REGISTERED
1,559539,361219,684718,[146],0,3,False,False,-1,-1,NOT_REGISTERED
1,256984,461459,339126,[146],0,3,False,False,-1,-1,NOT_REGISTERED
1,52329,803701,190706,[146],0,1,False,False,-1,-1,NOT_REGISTERED
2,322856,739202,940725,[149],0,2,False,False,-1,-1,NOT_REGISTERED
0,499728,318817,137169,[151],0,2,False,True,-1,-1,NOT_REGISTERED
1,604076,333635,573978,[151],0,3,False,True,-1,-1,NOT_REGISTERED
0,490503,949816,921286,,0,1,True,False,-1,-1,NOT_REGISTERED
0,768541,304086,199868,[154],0,2,False,False,-1,-1,NOT_REGISTERED
0,122781,33658,157626,[154],0,1,False,False,-1,-1,NOT_REGISTERED
0,570475,387423,265554,[154],0,4,False,False,-1,-1,NOT_REGISTERED
0,603545,82019,271418,[154],0,3,False,False,-1,-1,NOT_REGISTERED
1,989787,477457,567828,"[156, 158, 155]",0,2,False,False,-1,-1,NOT_REGISTERED
1,374358,772148,828585,"[155, 158]",0,1,False,False,-1,-1,NOT_REGISTERED
1,179718,69075,316641,"[158, 157, 156, 155]",0,3,False,False,-1,-1,NOT_REGISTERED
1,833644,264719,593297,"[155, 157, 156]",0,4,False,False,-1,-1,NOT_REGISTERED
0,753197,251796,16487,"[160, 161, 162, 159]",0,4,False,True,-1,-1,NOT_REGISTERED
1,732035,114445,656043,"[159, 160, 162]",0,2,False,True,-1,-1,NOT_REGISTERED
2,330345,791699,39147,"[162, 160, 161, 159]",0,4,False,True,-1,-1,NOT_REGISTERED
3,511045,165185,791555,"[160, 162, 161, 159]",0,1,False,True,-1,-1,NOT_REGISTERED
4,765224,752441,786141,"[162, 159, 160, 161]",0,4,False,True,-1,-1,NOT_REGISTERED
0,922598,780246,223717,,0,4,True,False,-1,-1,NOT_REGISTERED
1,790481,877278,782917,,0,3,True,False,-1,-1,NOT_REGISTERED
2,60949,374821,831140,,0,1,True,False,-1,-1,NOT_REGISTERED
0,822162,642313,786984,"[170, 169, 168]",0,1,False,False,-1,-1,NOT_REGISTERED
0,752769,344840,915004,[168],0,1,False,False,-1,-1,NOT_REGISTERED
1,795068,457638,194073,"[171, 172]",0,4,False,False,-1,-1,NOT_REGISTERED
2,875724,71872,365849,[173],0,3,False,False,-1,-1,NOT_REGISTERED
2,902718,430177,40633,[173],0,1,False,False,-1,-1,NOT_REGISTERED
2,85742,838526,32568,[173],0,4,False,False,-1,-1,NOT_REGISTERED
0,170256,568360,757975,"[174, 176, 175]",0,1,False,True,-1,-1,NOT_REGISTERED
1,294723,100879,286621,"[174, 175, 176]",0,4,False,True,-1,-1,NOT_REGISTERED
2,454573,706688,777764,"[174, 175]",0,1,False,True,-1,-1,NOT_REGISTERED
3,43403,354858,838601,"[174, 175, 176]",0,3,False,True,-1,-1,NOT_REGISTERED
0,787710,301175,58806,,0,2,True,False,-1,-1,NOT_REGISTERED
1,662216,130204,864098,,0,3,True,False,-1,-1,NOT_REGISTERED
0,607876,944839,70217,[182],0,2,False,False,-1,-1,NOT_REGISTERED
0,217502,232323,919187,[181],0,3,False,False,-1,-1,NOT_REGISTERED
0,721171,550647,855216,[182],0,2,False,False,-1,-1,NOT_REGISTERED
0,490400,219291,736940,"[181, 182]",0,3,False,False,-1,-1,NOT_REGISTERED
0,74823,512451,91867,[181],0,3,False,False,-1,-1,NOT_REGISTERED
0,838765,698069,947313,"[187, 186, 183, 185]",0,3,False,True,-1,-1,NOT_REGISTERED
1,110111,863766,854332,[185],0,2,False,True,-1,-1,NOT_REGISTERED
2,627493,416252,458825,"[187, 184]",0,1,False,True,-1,-1,NOT_REGISTERED
3,26351,955575,726981,"[185, 186, 183, 184]",0,4,False,True,-1,-1,NOT_REGISTERED
0,469072,449627,187391,,0,1,True,False,-1,-1,NOT_REGISTERED
0,777429,930860,48237,[192],0,2,False,False,-1,-1,NOT_REGISTERED
0,179258,186098,901637,[193],0,3,False,True,-1,-1,NOT_REGISTERED
0,722346,622320,417822,,0,4,True,False,-1,-1,NOT_REGISTERED
0,202390,47376,27155,[195],1,3,False,False,-1,-1,NOT_REGISTERED
0,839716,764071,773324,[195],0,3,False,False,-1,-1,NOT_REGISTERED
0,451401,313391,595103,[195],0,2,False,False,-1,-1,NOT_REGISTERED
0,327541,784281,683474,[195],0,4,False,False,-1,-1,NOT_REGISTERED
0,428074,448180,726814,"[197, 199]",1,1,False,True,-1,-1,NOT_REGISTERED
1,15006,209457,110342,[198],0,4,False,True,-1,-1,NOT_REGISTERED
0,130268,178222,258294,,0,4,True,False,-1,-1,NOT_REGISTERED
1,388529,120747,97504,,0,2,True,False,-1,-1,NOT_REGISTERED
0,199378,208199,804975,[202],0,3,False,False,-1,-1,NOT_REGISTERED
0,755875,531326,449111,"[203, 202]",0,4,False,False,-1,-1,NOT_REGISTERED
0,940502,951247,936122,"[203, 202]",0,2,False,False,-1,-1,NOT_REGISTERED
0,208627,628032,335515,"[206, 205]",0,4,False,True,-1,-1,NOT_REGISTERED
1,886098,600290,761826,"[204, 205, 206]",0,4,False,True,-1,-1,NOT_REGISTERED
2,69645,68911,50163,"[206, 205]",0,4,False,True,-1,-1,NOT_REGISTERED
0,891689,878944,656969,,0,4,True,False,-1,-1,NOT_REGISTERED
1,106748,768282,790563,,0,2,True,False,-1,-1,NOT_REGISTERED
2,23729,719305,933210,,0,1,True,False,-1,-1,NOT_REGISTERED
3,884458,831948,220449,,1,4,True,False,-1,-1,NOT_REGISTERED
0,334157,965760,231597,"[212, 213, 211, 210]",0,3,False,False,-1,-1,NOT_REGISTERED
0,864725,908941,564792,"[210, 213, 212]",0,2,False,False,-1,-1,NOT_REGISTERED
0,17071,840583,403173,[212],0,3,False,False,-1,-1,NOT_REGISTERED
1,100623,371202,468195,"[214, 216, 215]",0,1,False,False,-1,-1,NOT_REGISTERED
0,509050,89132,366276,[217],0,2,False,True,-1,-1,NOT_REGISTERED
0,832381,803422,451254,,0,4,True,False,-1,-1,NOT_REGISTERED
1,794444,466507,209049,,0,4,True,False,-1,-1,NOT_REGISTERED
2,31932,171577,444333,,0,3,True,False,-1,-1,NOT_REGISTERED
0,549413,391429,63341,[220],0,1,False,False,-1,-1,NOT_REGISTERED
0,785969,262859,860807,"[221, 220, 219]",0,4,False,False,-1,-1,NOT_REGISTERED
1,680314,298891,853304,"[223, 222]",0,3,False,False,-1,-1,NOT_REGISTERED
1,29006,920614,248230,[222],0,1,False,False,-1,-1,NOT_REGISTERED
1,904281,487239,178785,[222],0,3,False,False,-1,-1,NOT_REGISTERED
1,340512,849203,644601,"[223, 222]",0,2,False,False,-1,-1,NOT_REGISTERED
1,487684,894581,541421,"[222, 223]",0,2,False,False,-1,-1,NOT_REGISTERED
0,654677,941506,596910,"[225, 227, 224]",0,3,False,True,-1,-1,NOT_REGISTERED
0,471963,367694,183325,,0,4,True,False,-1,-1,NOT_REGISTERED
1,347912,789474,90248,,0,3,True,False,-1,-1,NOT_REGISTERED
2,449401,6773,424587,,0,3,True,False,-1,-1,NOT_REGISTERED
3,264412,370680,412267,,0,4,True,False,-1,-1,NOT_REGISTERED
4,495885,355419,176860,,0,1,True,False,-1,-1,NOT_REGISTERED
0,884463,593592,818787,"[231, 232, 234]",0,2,False,False,-1,-1,NOT_REGISTERED
0,915534,22742,730164,"[234, 230, 231]",0,1,False,False,-1,-1,NOT_REGISTERED
0,286559,571783,577177,[231],0,2,False,False,-1,-1,NOT_REGISTERED
0,194757,46772,146663,"[231, 233, 234]",0,1,False,False,-1,-1,NOT_REGISTERED
0,268159,468814,91834,"[232, 233]",0,2,False,False,-1,-1,NOT_REGISTERED
1,471603,376961,912876,"[237, 235]",0,3,False,False,-1,-1,NOT_REGISTERED
1,403904,891330,578697,"[239, 237, 235]",0,2,False,False,-1,-1,NOT_REGISTERED
1,866088,905831,376055,[236],0,4,False,False,-1,-1,NOT_REGISTERED
1,722376,805738,249361,"[239, 237, 238]",0,3,False,False,-1,-1,NOT_REGISTERED
1,455166,375031,386474,"[236, 235]",0,1,False,False,-1,-1,NOT_REGISTERED
2,491411,334883,762515,"[244, 242, 243, 241, 240]",0,1,False,False,-1,-1,NOT_REGISTERED
2,465590,974379,360840,[243],0,1,False,False,-1,-1,NOT_REGISTERED
2,511459,236586,348525,"[241, 243, 240, 242, 244]",0,1,False,False,-1,-1,NOT_REGISTERED
0,349012,831471,378131,"[245, 246]",0,2,False,True,-1,-1,NOT_REGISTERED
1,617050,15530,636879,[246],0,1,False,True,-1,-1,NOT_REGISTERED
0,161598,332637,173270,,0,2,True,False,-1,-1,NOT_REGISTERED
1,101006,446447,300325,,0,3,True,False,-1,-1,NOT_REGISTERED
2,688361,868680,369613,,0,1,True,False,-1,-1,NOT_REGISTERED
3,233361,842780,758200,,0,4,True,False,-1,-1,NOT_REGISTERED
0,960179,885826,303355,"[252, 250, 251, 253]",0,1,False,False,-1,-1,NOT_REGISTERED
0,714669,60440,103989,"[253, 252, 251]",1,3,False,False,-1,-1,NOT_REGISTERED
0,857783,649651,13376,[252],1,1,False,False,-1,-1,NOT_REGISTERED
0,782403,740715,958967,"[251, 250, 252]",0,2,False,False,-1,-1,NOT_REGISTERED
1,786532,499308,11809,"[257, 255, 254, 256]",0,3,False,False,-1,-1,NOT_REGISTERED
1,629998,601806,362872,"[256, 255, 254, 257]",0,1,False,False,-1,-1,NOT_REGISTERED
1,602433,604028,228685,[255],0,3,False,False,-1,-1,NOT_REGISTERED
0,679702,316034,45514,"[259, 260]",1,2,False,True,-1,-1,NOT_REGISTERED
1,728429,534570,110551,[259],0,3,False,True,-1,-1,NOT_REGISTERED
2,662279,839133,227900,[260],0,3,False,True,-1,-1,NOT_REGISTERED
0,203332,990845,110828,,0,1,True,False,-1,-1,NOT_REGISTERED
1,617201,972276,838761,,0,2,True,False,-1,-1,NOT_REGISTERED
2,507395,871337,806534,,0,4,True,False,-1,-1,NOT_REGISTERED
0,422161,554771,702801,"[265, 264]",0,2,False,False,-1,-1,NOT_REGISTERED
0,477349,158536,219072,"[265, 266]",0,4,False,False,-1,-1,NOT_REGISTERED
1,437690,492633,850096,[268],0,4,False,False,-1,-1,NOT_REGISTERED
0,772293,203247,892260,[269],0,3,False,True,-1,-1,NOT_REGISTERED
1,784937,376370,579575,[269],0,3,False,True,-1,-1,NOT_REGISTERED
2,871155,971880,461442,[269],0,1,False,True,-1,-1,NOT_REGISTERED
3,312458,732903,842734,[269],0,1,False,True,-1,-1,NOT_REGISTERED
0,622231,242313,263196,,0,4,True,False,-1,-1,NOT_REGISTERED
1,920849,727029,56464,,0,2,True,False,-1,-1,NOT_REGISTERED
0,10505,961631,374435,"[275, 274]",0,2,False,False,-1,-1,NOT_REGISTERED
0,529973,813845,59408,"[274, 275]",0,1,False,False,-1,-1,NOT_REGISTERED
0,75140,357498,425178,[275],0,4,False,False,-1,-1,NOT_REGISTERED
0,383358,181471,700594,"[277, 278, 276]",0,4,False,True,-1,-1,NOT_REGISTERED
1,549635,221489,705476,"[278, 277]",0,4,False,True,-1,-1,NOT_REGISTERED
0,783422,799534,321407,,0,4,True,False,-1,-1,NOT_REGISTERED
1,441420,847432,792173,,0,2,True,False,-1,-1,NOT_REGISTERED
2,136626,301135,930220,,0,1,True,False,-1,-1,NOT_REGISTERED
3,545935,302252,8052,,0,2,True,False,-1,-1,NOT_REGISTERED
4,441349,688933,103177,,0,2,True,False,-1,-1,NOT_REGISTERED
0,430075,464383,336739,"[282, 281, 283]",0,2,False,False,-1,-1,NOT_REGISTERED
0,682999,273062,418169,"[283, 285, 282, 284]",0,1,False,False,-1,-1,NOT_REGISTERED
0,545803,721527,272918,[284],0,1,False,False,-1,-1,NOT_REGISTERED
0,352792,271815,606604,"[283, 284, 282]",0,2,False,False,-1,-1,NOT_REGISTERED
0,234579,377142,842668,"[288, 289, 286, 287]",0,2,False,True,-1,-1,NOT_REGISTERED
1,213119,388044,245731,"[286, 288, 289, 287]",0,4,False,True,-1,-1,NOT_REGISTERED
2,257977,271527,799169,"[289, 288, 287]",0,2,False,True,-1,-1,NOT_REGISTERED
3,984212,882544,281170,"[288, 287, 286, 289]",0,2,False,True,-1,-1,NOT_REGISTERED
0,990665,505489,838920,,0,4,True,False,-1,-1,NOT_REGISTERED
1,564143,355539,357627,,0,2,True,False,-1,-1,NOT_REGISTERED
2,953242,724428,731998,,0,1,True,False,-1,-1,NOT_REGISTERED
3,584653,687076,254230,,0,1,True,False,-1,-1,NOT_REGISTERED
0,743887,55596,306230,"[295, 294, 297, 296]",0,2,False,False,-1,-1,NOT_REGISTERED
0,274123,866390,642198,"[297, 296]",0,4,False,False,-1,-1,NOT_REGISTERED
0,53782,88757,37295,"[294, 297, 296]",0,1,False,False,-1,-1,NOT_REGISTERED
0,284765,211329,308496,"[300, 299]",0,4,False,True,-1,-1,NOT_REGISTERED
1,713126,521143,751309,[300],0,4,False,True,-1,-1,NOT_REGISTERED
2,524031,347787,350462,"[299, 300, 298]",0,2,False,True,-1,-1,NOT_REGISTERED
0,520083,70109,47450,,0,4,True,False,-1,-1,NOT_REGISTERED
1,866528,433128,266439,,0,1,True,False,-1,-1,NOT_REGISTERED
2,81208,479661,813802,,0,3,True,False,-1,-1,NOT_REGISTERED
3,480476,444255,398747,,0,1,True,False,-1,-1,NOT_REGISTERED
0,109557,730958,540906,[307],0,1,False,False,-1,-1,NOT_REGISTERED
0,497910,170045,81899,[306],0,4,False,False,-1,-1,NOT_REGISTERED
1,264951,574694,174838,"[308, 309]",0,1,False,False,-1,-1,NOT_REGISTERED
1,756317,590497,190895,[308],1,4,False,False,-1,-1,NOT_REGISTERED
1,712312,951228,422121,[308],0,3,False,False,-1,-1,NOT_REGISTERED
1,802494,153415,692845,[309],0,3,False,False,-1,-1,NOT_REGISTERED
0,591625,152695,665029,[312],0,1,False,True,-1,-1,NOT_REGISTERED
1,75951,61428,134034,[311],0,4,False,True,-1,-1,NOT_REGISTERED
2,276974,687148,783495,"[310, 312, 313, 311]",0,2,False,True,-1,-1,NOT_REGISTERED
0,656195,613788,480111,,0,4,True,False,-1,-1,NOT_REGISTERED
1,337713,627631,643581,,0,1,True,False,-1,-1,NOT_REGISTERED
2,282097,126230,680910,,0,4,True,False,-1,-1,NOT_REGISTERED
3,364692,365292,350327,,1,3,True,False,-1,-1,NOT_REGISTERED
0,91812,370836,863442,"[317, 318]",0,2,False,False,-1,-1,NOT_REGISTERED
1,300341,420639,399355,[321],0,2,False,False,-1,-1,NOT_REGISTERED
1,589834,164019,31560,[321],0,4,False,False,-1,-1,NOT_REGISTERED
0,420491,921357,121823,[323],1,3,False,True,-1,-1,NOT_REGISTERED
1,710089,76944,365009,"[322, 323]",0,4,False,True,-1,-1,NOT_REGISTERED
2,106158,595629,603853,[323],0,1,False,True,-1,-1,NOT_REGISTERED
0,478282,363243,782119,,0,4,True,False,-1,-1,NOT_REGISTERED
1,925783,814147,343954,,0,3,True,False,-1,-1,NOT_REGISTERED
0,648276,756635,516387,"[327, 328]",0,4,False,False,-1,-1,NOT_REGISTERED
1,11829,97949,421736,[329],0,4,False,False,-1,-1,NOT_REGISTERED
0,977330,907720,605892,[330],0,3,False,True,-1,-1,NOT_REGISTERED
0,578380,131728,309633,,0,4,True,False,-1,-1,NOT_REGISTERED
1,65210,163050,232325,,0,1,True,False,-1,-1,NOT_REGISTERED
0,785721,370467,37369,[332],0,2,False,False,-1,-1,NOT_REGISTERED
1,901702,484950,712978,[334],0,4,False,False,-1,-1,NOT_REGISTERED
1,190058,390047,498493,[334],0,2,False,False,-1,-1,NOT_REGISTERED
1,660985,497584,741337,[334],0,3,False,False,-1,-1,NOT_REGISTERED
1,240011,797035,413719,[334],0,2,False,False,-1,-1,NOT_REGISTERED
1,517094,197834,259096,[334],0,4,False,False,-1,-1,NOT_REGISTERED
0,150021,338353,75340,"[337, 336, 335, 339, 338]",0,1,False,True,-1,-1,NOT_REGISTERED
1,791278,159634,285728,"[337, 338, 339]",0,3,False,True,-1,-1,NOT_REGISTERED
2,740046,656249,576674,"[339, 337, 338]",0,3,False,True,-1,-1,NOT_REGISTERED
3,191379,799892,506005,"[336, 339, 338, 337, 335]",1,4,False,True,-1,-1,NOT_REGISTERED
4,47189,126665,367137,"[338, 336]",0,2,False,True,-1,-1,NOT_REGISTERED
0,118395,829404,724805,,0,3,True,False,-1,-1,NOT_REGISTERED
0,887482,696229,958605,[345],0,3,False,False,-1,-1,NOT_REGISTERED
0,833495,936087,614033,[345],0,1,False,False,-1,-1,NOT_REGISTERED
0,251679,472829,30436,[345],0,1,False,False,-1,-1,NOT_REGISTERED
0,756848,632506,429983,[345],0,4,False,False,-1,-1,NOT_REGISTERED
0,498452,37591,4443,[345],0,4,False,False,-1,-1,NOT_REGISTERED
1,561289,206382,35693,"[348, 346, 347, 350, 349]",0,3,False,False,-1,-1,NOT_REGISTERED
0,931761,213887,868510,[351],0,3,False,True,-1,-1,NOT_REGISTERED
1,16308,542126,301425,[351],0,2,False,True,-1,-1,NOT_REGISTERED
2,734110,823312,573674,[351],0,1,False,True,-1,-1,NOT_REGISTERED
3,611199,737006,639779,[351],0,3,False,True,-1,-1,NOT_REGISTERED
0,971544,753558,281389,,0,2,True,False,-1,-1,NOT_REGISTERED
1,961893,839038,84421,,0,1,True,False,-1,-1,NOT_REGISTERED
2,49289,927506,661573,,0,4,True,False,-1,-1,NOT_REGISTERED
0,572894,164546,45631,[358],0,4,False,False,-1,-1,NOT_REGISTERED
1,223221,575182,449109,[359],0,4,False,False,-1,-1,NOT_REGISTERED
1,119946,242130,767204,[359],0,4,False,False,-1,-1,NOT_REGISTERED
1,694378,221525,585025,[359],0,1,False,False,-1,-1,NOT_REGISTERED
2,919529,351368,798334,"[362, 361, 360]",0,4,False,False,-1,-1,NOT_REGISTERED
2,574284,516396,64236,"[360, 361, 362]",0,2,False,False,-1,-1,NOT_REGISTERED
2,745868,707285,927668,[360],0,1,False,False,-1,-1,NOT_REGISTERED
2,965020,580575,619043,[360],0,2,False,False,-1,-1,NOT_REGISTERED
0,139870,589435,129737,"[363, 364, 366]",0,2,False,True,-1,-1,NOT_REGISTERED
1,509455,981956,124942,"[364, 365]",0,3,False,True,-1,-1,NOT_REGISTERED
2,7132,685952,350094,"[363, 366, 365]",0,4,False,True,-1,-1,NOT_REGISTERED
3,284934,458288,656596,[365],0,2,False,True,-1,-1,NOT_REGISTERED
4,582904,628752,826135,"[365, 366, 363]",0,1,False,True,-1,-1,NOT_REGISTERED
0,526490,633026,763066,,0,4,True,False,-1,-1,NOT_REGISTERED
1,61980,855916,555472,,0,3,True,False,-1,-1,NOT_REGISTERED
0,321577,140053,759521,"[373, 372]",0,3,False,False,-1,-1,NOT_REGISTERED
1,873445,399089,858157,[374],0,3,False,False,-1,-1,NOT_REGISTERED
1,196262,133751,787082,[374],0,1,False,False,-1,-1,NOT_REGISTERED
1,993399,699298,501120,[374],0,4,False,False,-1,-1,NOT_REGISTERED
2,809648,616523,508648,[376],0,3,False,False,-1,-1,NOT_REGISTERED
0,872075,305047,129245,[378],0,3,False,True,-1,-1,NOT_REGISTERED
1,951862,283630,647294,[378],0,4,False,True,-1,-1,NOT_REGISTERED
2,379175,855412,187216,[378],0,4,False,True,-1,-1,NOT_REGISTERED
0,180664,941452,798809,,0,2,True,False,-1,-1,NOT_REGISTERED
1,838802,554727,828138,,0,1,True,False,-1,-1,NOT_REGISTERED
2,244463,427513,630391,,0,4,True,False,-1,-1,NOT_REGISTERED
0,487686,772640,990598,"[383, 384, 382]",0,2,False,False,-1,-1,NOT_REGISTERED
0,814946,675853,23856,"[383, 384, 382]",0,4,False,False,-1,-1,NOT_REGISTERED
0,25194,107623,260125,[383],0,2,False,False,-1,-1,NOT_REGISTERED
0,357110,331814,899974,[384],0,1,False,False,-1,-1,NOT_REGISTERED
0,861065,797757,463841,"[383, 384]",0,1,False,False,-1,-1,NOT_REGISTERED
0,634827,537261,617577,"[387, 385, 386, 389, 388]",0,1,False,True,-1,-1,NOT_REGISTERED
1,590182,883091,872525,"[389, 387, 385, 388]",0,4,False,True,-1,-1,NOT_REGISTERED
2,227207,391497,395453,"[389, 385, 386, 387, 388]",0,4,False,True,-1,-1,NOT_REGISTERED
0,696462,354074,59130,,0,1,True,False,-1,-1,NOT_REGISTERED
1,904180,621935,821271,,0,4,True,False,-1,-1,NOT_REGISTERED
2,958510,146275,367258,,0,4,True,False,-1,-1,NOT_REGISTERED
0,372004,915401,939500,"[393, 394, 395]",0,1,False,False,-1,-1,NOT_REGISTERED
0,705629,386822,118701,"[394, 395]",0,2,False,False,-1,-1,NOT_REGISTERED
0,649371,64437,394048,"[395, 394, 393]",0,4,False,False,-1,-1,NOT_REGISTERED
0,561555,188289,254787,"[396, 398, 397]",0,3,False,True,-1,-1,NOT_REGISTERED
1,600929,501498,343053,"[396, 398]",0,4,False,True,-1,-1,NOT_REGISTERED
2,526974,170113,42535,"[398, 397, 396]",0,3,False,True,-1,-1,NOT_REGISTERED
0,12389,408911,716479,,0,1,True,False,-1,-1,NOT_REGISTERED
1,542228,602724,475758,,0,4,True,False,-1,-1,NOT_REGISTERED
0,487417,631125,894309,[402],0,4,False,False,-1,-1,NOT_REGISTERED
0,659399,45809,357780,"[402, 403]",0,1,False,False,-1,-1,NOT_REGISTERED
0,287212,33381,695555,"[402, 403]",0,3,False,False,-1,-1,NOT_REGISTERED
0,486276,793286,647450,[402],0,3,False,False,-1,-1,NOT_REGISTERED
0,461222,157527,211499,[402],0,2,False,False,-1,-1,NOT_REGISTERED
1,374437,547403,746278,[408],0,4,False,False,-1,-1,NOT_REGISTERED
1,146694,745189,244507,"[407, 408, 404, 405, 406]",0,4,False,False,-1,-1,NOT_REGISTERED
1,522039,685576,377510,"[406, 405, 404, 408]",0,1,False,False,-1,-1,NOT_REGISTERED
1,170689,805419,503270,"[408, 407, 405]",0,1,False,False,-1,-1,NOT_REGISTERED
0,436539,540417,232108,[409],0,2,False,True,-1,-1,NOT_REGISTERED
1,991912,898649,241154,"[409, 412, 410]",0,1,False,True,-1,-1,NOT_REGISTERED
2,407835,237720,149683,[412],0,1,False,True,-1,-1,NOT_REGISTERED
3,146353,999078,87490,[409],1,4,False,True,-1,-1,NOT_REGISTERED
0,105127,299670,677666,,0,3,True,False,-1,-1,NOT_REGISTERED
1,881869,567233,549832,,0,4,True,False,-1,-1,NOT_REGISTERED
2,62669,524418,923166,,1,1,True,False,-1,-1,NOT_REGISTERED
0,584028,152818,443526,[418],0,1,False,False,-1,-1,NOT_REGISTERED
0,518527,91254,245391,"[417, 418]",0,2,False,False,-1,-1,NOT_REGISTERED
0,474461,176167,272768,"[418, 417]",0,4,False,False,-1,-1,NOT_REGISTERED
1,281038,896804,797026,[422],0,4,False,False,-1,-1,NOT_REGISTERED
1,411813,824154,662873,"[420, 421]",0,3,False,False,-1,-1,NOT_REGISTERED
1,993348,456832,755269,"[422, 421]",0,4,False,False,-1,-1,NOT_REGISTERED
0,86489,650237,597506,"[423, 424, 425]",0,2,False,True,-1,-1,NOT_REGISTERED
1,660222,220773,301872,"[423, 425]",0,3,False,True,-1,-1,NOT_REGISTERED
2,631824,500973,624261,"[425, 423, 424]",0,4,False,True,-1,-1,NOT_REGISTERED
0,205841,793735,396499,,0,1,True,False,-1,-1,NOT_REGISTERED
1,826463,434638,232920,,0,2,True,False,-1,-1,NOT_REGISTERED
2,966870,715116,810378,,0,4,True,False,-1,-1,NOT_REGISTERED
3,603839,617790,409639,,0,4,True,False,-1,-1,NOT_REGISTERED
0,684560,676474,30332,"[429, 431]",0,2,False,False,-1,-1,NOT_REGISTERED
0,173604,168465,779622,"[432, 429, 430]",0,4,False,False,-1,-1,NOT_REGISTERED
0,403403,508556,197677,[434],0,4,False,True,-1,-1,NOT_REGISTERED
1,900826,992423,10748,[434],0,4,False,True,-1,-1,NOT_REGISTERED
2,361036,130553,583681,"[433, 434]",0,4,False,True,-1,-1,NOT_REGISTERED
0,780911,897749,729945,,0,1,True,False,-1,-1,NOT_REGISTERED
1,388067,772093,485007,,0,1,True,False,-1,-1,NOT_REGISTERED
2,423296,724296,575517,,0,4,True,False,-1,-1,NOT_REGISTERED
0,922101,675923,94611,[439],0,3,False,False,-1,-1,NOT_REGISTERED
0,838082,798338,568560,[441],0,4,False,True,-1,-1,NOT_REGISTERED
0,98829,131259,272857,,0,3,True,False,-1,-1,NOT_REGISTERED
1,208222,559672,40599,,0,3,True,False,-1,-1,NOT_REGISTERED
2,30556,336682,627043,,0,1,True,False,-1,-1,NOT_REGISTERED
3,371406,996455,918677,,0,2,True,False,-1,-1,NOT_REGISTERED
4,750313,183850,409288,,0,1,True,False,-1,-1,NOT_REGISTERED
0,510350,447761,335027,"[445, 446, 447, 444, 443]",0,4,False,False,-1,-1,NOT_REGISTERED
0,728810,15992,43772,[445],0,3,False,False,-1,-1,NOT_REGISTERED
0,764617,770137,51308,"[447, 445, 443, 444, 446]",1,3,False,False,-1,-1,NOT_REGISTERED
0,468946,815765,181886,[446],0,4,False,False,-1,-1,NOT_REGISTERED
0,499479,768877,59972,[446],0,1,False,False,-1,-1,NOT_REGISTERED
1,17397,506127,792109,"[448, 449, 452, 451]",0,3,False,False,-1,-1,NOT_REGISTERED
1,683309,412905,11604,"[449, 448]",0,3,False,False,-1,-1,NOT_REGISTERED
2,691615,516782,359425,"[453, 454]",1,1,False,False,-1,-1,NOT_REGISTERED
2,760914,824486,946572,"[453, 454]",0,3,False,False,-1,-1,NOT_REGISTERED
2,890877,701373,486375,[453],0,1,False,False,-1,-1,NOT_REGISTERED
2,183648,200325,829304,[453],0,3,False,False,-1,-1,NOT_REGISTERED
2,149181,324719,274346,"[454, 453]",0,3,False,False,-1,-1,NOT_REGISTERED
0,346563,643628,297213,"[458, 456, 459, 457, 455]",0,4,False,True,-1,-1,NOT_REGISTERED
1,702817,507056,302018,"[456, 459, 457, 455]",0,3,False,True,-1,-1,NOT_REGISTERED
2,853127,780469,647689,"[459, 455, 456, 457, 458]",0,4,False,True,-1,-1,NOT_REGISTERED
0,849172,625756,759618,,0,4,True,False,-1,-1,NOT_REGISTERED
1,630234,538070,263066,,0,1,True,False,-1,-1,NOT_REGISTERED
2,448478,477373,408694,,0,4,True,False,-1,-1,NOT_REGISTERED
3,628730,491937,428668,,0,1,True,False,-1,-1,NOT_REGISTERED
0,570883,630661,671313,[464],0,3,False,False,-1,-1,NOT_REGISTERED
0,567353,650520,986356,"[465, 464, 466]",0,2,False,False,-1,-1,NOT_REGISTERED
0,85514,327203,119699,[466],0,4,False,False,-1,-1,NOT_REGISTERED
1,292308,606010,668869,[467],0,2,False,False,-1,-1,NOT_REGISTERED
1,447846,266680,601135,"[468, 467]",0,4,False,False,-1,-1,NOT_REGISTERED
1,695066,468991,312363,"[468, 469]",0,3,False,False,-1,-1,NOT_REGISTERED
0,20625,864794,159828,"[471, 472, 470]",0,1,False,True,-1,-1,NOT_REGISTERED
1,304237,187235,617252,"[472, 470, 471]",0,4,False,True,-1,-1,NOT_REGISTERED
2,714292,384213,36642,"[471, 472, 470]",0,4,False,True,-1,-1,NOT_REGISTERED
0,268635,373693,681479,,0,2,True,False,-1,-1,NOT_REGISTERED
1,474802,511080,299660,,0,1,True,False,-1,-1,NOT_REGISTERED
2,710801,374384,506801,,0,2,True,False,-1,-1,NOT_REGISTERED
3,860637,419280,192302,,0,4,True,False,-1,-1,NOT_REGISTERED
0,823887,881932,437323,[477],0,2,False,False,-1,-1,NOT_REGISTERED
0,461210,385548,874477,"[477, 476, 478]",0,2,False,False,-1,-1,NOT_REGISTERED
0,235648,233917,874691,"[477, 478, 479, 476]",0,3,False,False,-1,-1,NOT_REGISTERED
0,79130,662332,634146,"[479, 478, 476]",0,4,False,False,-1,-1,NOT_REGISTERED
1,374696,379365,242010,"[480, 481, 482]",1,2,False,False,-1,-1,NOT_REGISTERED
1,627047,877364,117971,"[480, 482, 483]",0,2,False,False,-1,-1,NOT_REGISTERED
1,894943,135879,244533,"[482, 480, 483, 481]",0,4,False,False,-1,-1,NOT_REGISTERED
1,248738,63449,39814,"[482, 481]",0,4,False,False,-1,-1,NOT_REGISTERED
1,65622,837075,43332,"[482, 483, 480, 481]",0,4,False,False,-1,-1,NOT_REGISTERED
0,210271,389124,218609,[488],0,2,False,True,-1,-1,NOT_REGISTERED
0,494785,623465,292516,,0,3,True,False,-1,-1,NOT_REGISTERED
1,309206,769379,452777,,0,2,True,False,-1,-1,NOT_REGISTERED
0,671648,932847,771569,"[490, 491]",0,1,False,False,-1,-1,NOT_REGISTERED
0,258830,277394,325919,[492],0,3,False,True,-1,-1,NOT_REGISTERED
1,197656,450880,656917,[492],0,4,False,True,-1,-1,NOT_REGISTERED
2,775471,993825,293681,[492],0,4,False,True,-1,-1,NOT_REGISTERED
3,467861,939164,694859,[492],1,3,False,True,-1,-1,NOT_REGISTERED
0,877027,715814,971418,,0,2,True,False,-1,-1,NOT_REGISTERED
1,712477,155819,96061,,0,3,True,False,-1,-1,NOT_REGISTERED
2,822356,358547,426710,,0,4,True,False,-1,-1,NOT_REGISTERED
3,916292,334244,474542,,0,1,True,False,-1,-1,NOT_REGISTERED
4,408086,565812,259106,,0,2,True,False,-1,-1,NOT_REGISTERED
0,829769,976919,999910,[498],0,1,False,False,-1,-1,NOT_REGISTERED
0,599184,934311,227569,"[499, 501]",0,2,False,False,-1,-1,NOT_REGISTERED
1,609559,726338,602901,"[503, 502]",0,1,False,False,-1,-1,NOT_REGISTERED
2,503469,331490,800876,[504],0,3,False,False,-1,-1,NOT_REGISTERED
0,481703,90677,28344,[505],0,1,False,True,-1,-1,NOT_REGISTERED
1,192755,478390,638831,[505],0,1,False,True,-1,-1,NOT_REGISTERED
2,663401,796638,883958,[505],0,4,False,True,-1,-1,NOT_REGISTERED
0,854969,594295,514462,,0,4,True,False,-1,-1,NOT_REGISTERED
1,161443,660243,821249,,0,1,True,False,-1,-1,NOT_REGISTERED
0,785047,923852,47223,[510],0,1,False,False,-1,-1,NOT_REGISTERED
0,203169,570186,727581,[511],0,4,False,True,-1,-1,NOT_REGISTERED
1,773382,639512,842809,[511],0,2,False,True,-1,-1,NOT_REGISTERED
2,853370,734784,273722,[511],0,2,False,True,-1,-1,NOT_REGISTERED
0,60321,313994,346506,,1,3,True,False,-1,-1,NOT_REGISTERED
1,738077,795187,127648,,0,4,True,False,-1,-1,NOT_REGISTERED
2,755424,686024,501925,,0,2,True,False,-1,-1,NOT_REGISTERED
3,747559,540458,771774,,0,3,True,False,-1,-1,NOT_REGISTERED
4,385522,494829,872307,,0,4,True,False,-1,-1,NOT_REGISTERED
0,770824,595302,905520,"[516, 515, 517, 519]",0,2,False,False,-1,-1,NOT_REGISTERED
1,341576,90207,17060,[520],0,1,False,False,-1,-1,NOT_REGISTERED
1,628155,809684,481403,[520],0,3,False,False,-1,-1,NOT_REGISTERED
1,771322,913803,348906,[520],0,2,False,False,-1,-1,NOT_REGISTERED
1,197563,750531,401487,[520],0,3,False,False,-1,-1,NOT_REGISTERED
0,39590,738212,8123,[523],0,4,False,True,-1,-1,NOT_REGISTERED
0,202641,411803,305520,,0,2,True,False,-1,-1,NOT_REGISTERED
1,853647,313147,279021,,0,4,True,False,-1,-1,NOT_REGISTERED
2,293568,346687,172038,,0,3,True,False,-1,-1,NOT_REGISTERED
3,683506,457069,26526,,0,2,True,False,-1,-1,NOT_REGISTERED
0,752218,750080,472679,[529],0,2,False,False,-1,-1,NOT_REGISTERED
0,391839,860289,523574,[527],0,1,False,False,-1,-1,NOT_REGISTERED
0,296670,933919,434232,"[528, 526]",0,1,False,False,-1,-1,NOT_REGISTERED
0,258574,118103,860479,"[527, 528, 526]",0,1,False,False,-1,-1,NOT_REGISTERED
0,877455,944663,451217,[526],0,2,False,False,-1,-1,NOT_REGISTERED
1,354396,908183,351939,"[533, 532, 531, 530, 534]",0,4,False,False,-1,-1,NOT_REGISTERED
1,415741,175797,307932,"[531, 534]",0,3,False,False,-1,-1,NOT_REGISTERED
1,233237,429625,36254,"[531, 530, 532, 533]",0,3,False,False,-1,-1,NOT_REGISTERED
2,808049,724326,314546,"[536, 537]",0,3,False,False,-1,-1,NOT_REGISTERED
2,78115,661889,825848,"[536, 535, 537]",0,4,False,False,-1,-1,NOT_REGISTERED
0,671592,589322,812556,[539],0,1,False,True,-1,-1,NOT_REGISTERED
1,840081,617273,795315,[538],0,4,False,True,-1,-1,NOT_REGISTERED
2,207125,566179,845812,[538],0,2,False,True,-1,-1,NOT_REGISTERED
3,669332,168189,366250,"[539, 538]",0,1,False,True,-1,-1,NOT_REGISTERED
4,82412,539540,868475,"[538, 539]",0,4,False,True,-1,-1,NOT_REGISTERED
0,922949,391348,763106,,0,3,True,False,-1,-1,NOT_REGISTERED
0,550591,50133,769760,[545],1,4,False,False,-1,-1,NOT_REGISTERED
0,965153,995934,258331,[545],0,1,False,False,-1,-1,NOT_REGISTERED
1,796395,929216,619126,"[547, 546]",0,4,False,False,-1,-1,NOT_REGISTERED
1,400389,852416,179482,[547],1,2,False,False,-1,-1,NOT_REGISTERED
2,526417,224497,88186,"[549, 548]",0,3,False,False,-1,-1,NOT_REGISTERED
2,695161,41247,746654,[549],0,1,False,False,-1,-1,NOT_REGISTERED
0,239167,430744,523508,[550],0,4,False,True,-1,-1,NOT_REGISTERED
1,349020,546057,658764,"[551, 550]",0,2,False,True,-1,-1,NOT_REGISTERED
2,140974,677713,613857,[551],0,2,False,True,-1,-1,NOT_REGISTERED
3,870657,234983,533406,[550],0,3,False,True,-1,-1,NOT_REGISTERED
4,706891,426587,55143,[550],0,2,False,True,-1,-1,NOT_REGISTERED
0,413904,288675,628277,,0,1,True,False,-1,-1,NOT_REGISTERED
0,507976,516788,267066,[557],0,3,False,False,-1,-1,NOT_REGISTERED
0,712655,41546,775515,[557],0,3,False,False,-1,-1,NOT_REGISTERED
0,877318,379664,444147,[557],0,1,False,False,-1,-1,NOT_REGISTERED
0,676404,393103,745402,[557],0,3,False,False,-1,-1,NOT_REGISTERED
1,948092,295916,545593,"[558, 561, 560]",0,1,False,False,-1,-1,NOT_REGISTERED
1,489898,281965,37303,"[558, 559, 560]",0,3,False,False,-1,-1,NOT_REGISTERED
1,319084,555101,941056,"[560, 559, 558]",0,4,False,False,-1,-1,NOT_REGISTERED
1,78171,996540,841909,"[559, 560, 561]",0,2,False,False,-1,-1,NOT_REGISTERED
2,712028,377940,982078,"[563, 564, 562, 565]",0,3,False,False,-1,-1,NOT_REGISTERED
2,577415,536640,102956,"[565, 563]",0,4,False,False,-1,-1,NOT_REGISTERED
2,409435,422549,57483,"[562, 563, 564, 565]",0,3,False,False,-1,-1,NOT_REGISTERED
2,828706,601579,417240,"[562, 565, 564, 563]",0,1,False,False,-1,-1,NOT_REGISTERED
2,533993,719956,68241,"[563, 565, 562]",0,2,False,False,-1,-1,NOT_REGISTERED
0,148584,551364,370524,"[570, 567, 566]",0,1,False,True,-1,-1,NOT_REGISTERED
1,588926,26360,902257,"[568, 570, 569]",0,1,False,True,-1,-1,NOT_REGISTERED
2,731252,28625,559298,"[567, 569, 568, 566]",0,3,False,True,-1,-1,NOT_REGISTERED
0,349724,580083,468539,,0,4,True,False,-1,-1,NOT_REGISTERED
1,200429,75968,981861,,1,4,True,False,-1,-1,NOT_REGISTERED
2,893913,133603,504442,,0,4,True,False,-1,-1,NOT_REGISTERED
3,643124,163050,383636,,0,1,True,False,-1,-1,NOT_REGISTERED
0,515876,717224,933810,"[576, 577, 574]",0,4,False,False,-1,-1,NOT_REGISTERED
1,897082,617720,417547,[578],0,4,False,False,-1,-1,NOT_REGISTERED
1,749169,161448,266513,[578],0,3,False,False,-1,-1,NOT_REGISTERED
1,583689,385341,489408,[578],0,3,False,False,-1,-1,NOT_REGISTERED
0,171679,491707,526000,"[580, 579]",0,2,False,True,-1,-1,NOT_REGISTERED
1,26386,897504,616175,"[580, 581, 579]",0,4,False,True,-1,-1,NOT_REGISTERED
0,415680,762543,700031,,0,1,True,False,-1,-1,NOT_REGISTERED
0,940812,582405,121157,[584],0,2,False,False,-1,-1,NOT_REGISTERED
0,911999,940383,769427,[584],0,2,False,False,-1,-1,NOT_REGISTERED
0,972781,123260,913801,[584],0,3,False,False,-1,-1,NOT_REGISTERED
0,526081,110666,7366,[584],0,2,False,False,-1,-1,NOT_REGISTERED
1,692748,8313,688738,"[585, 588, 586, 587]",0,2,False,False,-1,-1,NOT_REGISTERED
1,432056,801194,269101,[588],0,3,False,False,-1,-1,NOT_REGISTERED
1,660345,124608,367226,"[585, 587, 588]",0,3,False,False,-1,-1,NOT_REGISTERED
1,256158,860139,78162,"[586, 587]",0,4,False,False,-1,-1,NOT_REGISTERED
1,595113,658476,23748,"[585, 587]",0,3,False,False,-1,-1,NOT_REGISTERED
0,2096,298441,530478,"[590, 592, 589]",0,3,False,True,-1,-1,NOT_REGISTERED
1,890455,129898,390615,"[589, 592, 591, 590, 593]",0,2,False,True,-1,-1,NOT_REGISTERED
2,242736,16730,605027,"[591, 592, 593, 589]",0,3,False,True,-1,-1,NOT_REGISTERED
3,951061,89992,953492,[589],0,2,False,True,-1,-1,NOT_REGISTERED
0,942966,793977,919104,,0,4,True,False,-1,-1,NOT_REGISTERED
1,592144,881089,780665,,0,2,True,False,-1,-1,NOT_REGISTERED
0,608164,460499,618963,"[598, 599]",0,1,False,False,-1,-1,NOT_REGISTERED
0,173960,473335,242197,"[599, 598]",0,3,False,False,-1,-1,NOT_REGISTERED
0,949782,918676,312323,"[598, 599]",0,3,False,False,-1,-1,NOT_REGISTERED
0,203682,763908,519155,[598],0,2,False,False,-1,-1,NOT_REGISTERED
0,587837,831832,686206,[602],0,4,False,True,-1,-1,NOT_REGISTERED
1,182458,836670,306474,"[600, 601, 602]",0,3,False,True,-1,-1,NOT_REGISTERED
2,548936,631141,162862,[600],0,1,False,True,-1,-1,NOT_REGISTERED
3,473515,406703,111158,"[602, 601, 603]",0,3,False,True,-1,-1,NOT_REGISTERED
4,379499,563876,565640,"[603, 600, 602, 601]",0,2,False,True,-1,-1,NOT_REGISTERED
0,109632,980714,512115,,0,4,True,False,-1,-1,NOT_REGISTERED
0,295465,613281,299254,[609],0,4,False,False,-1,-1,NOT_REGISTERED
0,473721,659292,626352,[609],0,4,False,False,-1,-1,NOT_REGISTERED
0,837398,955655,807315,[609],0,2,False,False,-1,-1,NOT_REGISTERED
1,634650,529961,99609,"[612, 611, 610]",0,4,False,False,-1,-1,NOT_REGISTERED
1,585328,607000,550369,"[610, 611]",0,2,False,False,-1,-1,NOT_REGISTERED
2,577287,220378,264490,[614],0,2,False,False,-1,-1,NOT_REGISTERED
2,118186,906690,522646,"[613, 614]",0,3,False,False,-1,-1,NOT_REGISTERED
2,334569,444387,68167,"[614, 613]",0,4,False,False,-1,-1,NOT_REGISTERED
2,629803,960433,660485,[613],0,4,False,False,-1,-1,NOT_REGISTERED
2,623970,855829,227796,"[613, 614]",0,3,False,False,-1,-1,NOT_REGISTERED
0,240027,761833,154300,"[619, 618, 616, 617, 615]",0,4,False,True,-1,-1,NOT_REGISTERED
0,335168,263450,61238,,0,4,True,False,-1,-1,NOT_REGISTERED
1,697867,83205,219844,,0,1,True,False,-1,-1,NOT_REGISTERED
2,99741,143039,86299,,0,2,True,False,-1,-1,NOT_REGISTERED
3,78344,833684,12817,,0,4,True,False,-1,-1,NOT_REGISTERED
4,801423,444930,501259,,0,1,True,False,-1,-1,NOT_REGISTERED
0,955925,815194,775678,[625],0,2,False,False,-1,-1,NOT_REGISTERED
0,462147,785129,922734,"[621, 622, 625, 623]",0,4,False,False,-1,-1,NOT_REGISTERED
0,687653,586182,212556,"[622, 625, 621, 623, 624]",0,1,False,False,-1,-1,NOT_REGISTERED
0,608826,691129,962783,"[625, 621, 624]",0,1,False,False,-1,-1,NOT_REGISTERED
0,398359,987885,445792,"[625, 624, 622, 621, 623]",0,4,False,False,-1,-1,NOT_REGISTERED
1,149296,642506,589271,[630],0,2,False,False,-1,-1,NOT_REGISTERED
0,315155,540887,962838,[631],0,3,False,True,-1,-1,NOT_REGISTERED
1,6395,637959,112420,[631],0,3,False,True,-1,-1,NOT_REGISTERED
2,483798,848578,735945,[631],0,2,False,True,-1,-1,NOT_REGISTERED
3,312478,815499,542603,[631],0,2,False,True,-1,-1,NOT_REGISTERED
4,993669,359500,296683,[631],0,4,False,True,-1,-1,NOT_REGISTERED
0,210097,381582,90644,,0,4,True,False,-1,-1,NOT_REGISTERED
1,860102,988081,753431,,0,3,True,False,-1,-1,NOT_REGISTERED
2,825575,572593,383274,,0,2,True,False,-1,-1,NOT_REGISTERED
0,300117,762138,126711,[638],0,2,False,False,-1,-1,NOT_REGISTERED
0,711639,275150,869719,"[639, 638, 637]",0,1,False,False,-1,-1,NOT_REGISTERED
0,547031,349475,743520,"[637, 639, 638]",0,1,False,False,-1,-1,NOT_REGISTERED
0,57751,489035,617464,"[639, 638]",0,2,False,False,-1,-1,NOT_REGISTERED
0,559993,248722,947387,"[638, 637]",0,4,False,False,-1,-1,NOT_REGISTERED
1,902476,196559,493587,"[644, 640, 643, 642, 641]",0,2,False,False,-1,-1,NOT_REGISTERED
1,344693,255482,202042,"[644, 642, 641, 643, 640]",0,1,False,False,-1,-1,NOT_REGISTERED
1,777273,469005,336952,[641],0,1,False,False,-1,-1,NOT_REGISTERED
0,526929,173129,125174,"[645, 647]",0,1,False,True,-1,-1,NOT_REGISTERED
0,546529,479985,126753,,0,4,True,False,-1,-1,NOT_REGISTERED
1,175989,135862,464735,,0,1,True,False,-1,-1,NOT_REGISTERED
2,819601,65881,730952,,0,3,True,False,-1,-1,NOT_REGISTERED
3,145354,210701,714268,,0,1,True,False,-1,-1,NOT_REGISTERED
4,577944,6442,333776,,0,2,True,False,-1,-1,NOT_REGISTERED
0,774793,397535,569621,[650],0,4,False,False,-1,-1,NOT_REGISTERED
0,991775,609047,663362,"[653, 649]",0,4,False,False,-1,-1,NOT_REGISTERED
0,411645,331680,652324,"[653, 651]",0,2,False,False,-1,-1,NOT_REGISTERED
0,510392,985142,363621,"[649, 650, 652, 651, 653]",0,2,False,False,-1,-1,NOT_REGISTERED
0,100215,321689,774675,"[656, 654, 655, 657]",0,2,False,True,-1,-1,NOT_REGISTERED
0,300007,588315,793087,,0,1,True,False,-1,-1,NOT_REGISTERED
1,216716,424643,78876,,0,1,True,False,-1,-1,NOT_REGISTERED
2,151402,564620,97998,,0,1,True,False,-1,-1,NOT_REGISTERED
3,880313,383176,372967,,0,1,True,False,-1,-1,NOT_REGISTERED
4,156079,239511,689075,,1,1,True,False,-1,-1,NOT_REGISTERED
0,262916,406457,457453,"[660, 663]",0,2,False,False,-1,-1,NOT_REGISTERED
0,125468,792117,771436,"[661, 660]",0,4,False,False,-1,-1,NOT_REGISTERED
0,327136,818484,762425,"[663, 662, 661]",0,3,False,False,-1,-1,NOT_REGISTERED
0,297397,528380,938172,"[663, 659, 661, 660]",0,1,False,False,-1,-1,NOT_REGISTERED
0,840455,167069,695128,"[661, 662, 659, 663]",0,1,False,False,-1,-1,NOT_REGISTERED
0,854366,289726,301492,[666],0,1,False,True,-1,-1,NOT_REGISTERED
0,253904,924142,539303,,0,1,True,False,-1,-1,NOT_REGISTERED
1,218072,582844,739614,,0,4,True,False,-1,-1,NOT_REGISTERED
2,953731,154724,525164,,0,4,True,False,-1,-1,NOT_REGISTERED
3,763267,131113,269047,,0,4,True,False,-1,-1,NOT_REGISTERED
4,75895,99377,465008,,0,4,True,False,-1,-1,NOT_REGISTERED
0,696055,261183,636204,"[671, 674, 670, 672]",0,2,False,False,-1,-1,NOT_REGISTERED
0,355924,772776,743593,"[674, 673, 671, 672]",1,4,False,False,-1,-1,NOT_REGISTERED
0,222971,119546,680865,"[672, 670, 671, 673]",0,4,False,False,-1,-1,NOT_REGISTERED
0,768845,912585,738152,"[672, 673, 670, 671]",0,4,False,False,-1,-1,NOT_REGISTERED
0,366300,907824,652243,[671],0,4,False,False,-1,-1,NOT_REGISTERED
1,540680,897967,456628,"[679, 678, 677, 676, 675]",0,2,False,False,-1,-1,NOT_REGISTERED
1,288126,17591,764889,[676],0,3,False,False,-1,-1,NOT_REGISTERED
2,651410,347169,902768,"[680, 681]",0,1,False,False,-1,-1,NOT_REGISTERED
2,797355,182782,423678,"[680, 681]",0,1,False,False,-1,-1,NOT_REGISTERED
2,337531,319614,558063,"[681, 680]",0,2,False,False,-1,-1,NOT_REGISTERED
0,870024,894693,914773,"[683, 684]",0,1,False,True,-1,-1,NOT_REGISTERED
0,703260,14658,337158,,0,3,True,False,-1,-1,NOT_REGISTERED
0,402040,292560,851608,[686],0,4,False,False,-1,-1,NOT_REGISTERED
0,211306,518187,613256,[686],0,2,False,False,-1,-1,NOT_REGISTERED
0,459236,406783,564581,[686],0,4,False,False,-1,-1,NOT_REGISTERED
1,669240,268013,685505,"[689, 687, 688]",0,4,False,False,-1,-1,NOT_REGISTERED
1,392663,35911,271505,"[688, 687]",0,4,False,False,-1,-1,NOT_REGISTERED
1,761724,339232,809461,[688],0,1,False,False,-1,-1,NOT_REGISTERED
1,424526,506685,64604,"[688, 687]",0,2,False,False,-1,-1,NOT_REGISTERED
1,27576,588439,819018,"[688, 689, 687]",0,1,False,False,-1,-1,NOT_REGISTERED
0,43404,746547,986830,"[693, 691, 690]",0,4,False,True,-1,-1,NOT_REGISTERED
1,908771,544409,532033,"[691, 692]",0,3,False,True,-1,-1,NOT_REGISTERED
2,56628,143107,573248,"[691, 692, 693]",0,2,False,True,-1,-1,NOT_REGISTERED
3,756065,848372,756532,"[691, 693, 694]",0,4,False,True,-1,-1,NOT_REGISTERED
4,140462,296954,709752,"[693, 692, 691, 694, 690]",0,2,False,True,-1,-1,NOT_REGISTERED
0,879018,289709,318755,,0,2,True,False,-1,-1,NOT_REGISTERED
1,497490,721219,143013,,0,2,True,False,-1,-1,NOT_REGISTERED
2,615469,77974,841115,,0,1,True,False,-1,-1,NOT_REGISTERED
3,7424,16119,785892,,0,1,True,False,-1,-1,NOT_REGISTERED
4,605838,824223,604439,,1,3,True,False,-1,-1,NOT_REGISTERED
0,954373,26907,469147,"[701, 704, 702]",0,1,False,False,-1,-1,NOT_REGISTERED
0,387935,320552,437292,"[700, 704, 703, 701]",0,3,False,False,-1,-1,NOT_REGISTERED
0,485726,244371,933526,"[701, 702]",0,2,False,False,-1,-1,NOT_REGISTERED
1,338152,233572,210197,[706],1,2,False,False,-1,-1,NOT_REGISTERED
1,428369,721715,428916,[707],0,4,False,False,-1,-1,NOT_REGISTERED
1,705052,236764,542721,"[707, 706]",0,2,False,False,-1,-1,NOT_REGISTERED
1,198779,13160,498328,"[705, 706]",0,3,False,False,-1,-1,NOT_REGISTERED
1,880234,925719,592237,"[706, 705]",0,2,False,False,-1,-1,NOT_REGISTERED
0,808469,273847,767115,"[708, 710, 711, 712, 709]",0,3,False,True,-1,-1,NOT_REGISTERED
1,660329,232470,350451,"[710, 711]",0,1,False,True,-1,-1,NOT_REGISTERED
2,46352,291679,960997,"[709, 710]",0,3,False,True,-1,-1,NOT_REGISTERED
0,723806,283690,296777,,0,1,True,False,-1,-1,NOT_REGISTERED
1,81590,166601,725514,,0,2,True,False,-1,-1,NOT_REGISTERED
2,328372,297812,700791,,0,2,True,False,-1,-1,NOT_REGISTERED
3,403770,665593,959568,,0,2,True,False,-1,-1,NOT_REGISTERED
4,225194,204399,349648,,0,4,True,False,-1,-1,NOT_REGISTERED
0,446302,271141,797167,"[716, 720, 717, 718, 719]",0,4,False,False,-1,-1,NOT_REGISTERED
0,404740,650824,828352,"[716, 717, 720, 719]",0,4,False,False,-1,-1,NOT_REGISTERED
0,720445,518746,138294,"[716, 717]",0,2,False,False,-1,-1,NOT_REGISTERED
1,32591,112146,30884,"[722, 723]",0,3,False,False,-1,-1,NOT_REGISTERED
1,140540,181645,378527,"[722, 721, 723]",0,2,False,False,-1,-1,NOT_REGISTERED
0,48341,688089,140936,"[725, 724]",0,3,False,True,-1,-1,NOT_REGISTERED
1,850028,354106,426441,[725],1,2,False,True,-1,-1,NOT_REGISTERED
0,657161,898788,57032,,0,4,True,False,-1,-1,NOT_REGISTERED
1,153920,827219,824452,,0,2,True,False,-1,-1,NOT_REGISTERED
2,926977,364132,310336,,0,1,True,False,-1,-1,NOT_REGISTERED
3,275204,404809,403142,,0,4,True,False,-1,-1,NOT_REGISTERED
0,744224,567311,494269,"[728, 731, 729]",0,3,False,False,-1,-1,NOT_REGISTERED
0,168203,148351,220654,[730],0,4,False,False,-1,-1,NOT_REGISTERED
0,5382,185589,584329,"[729, 730]",0,3,False,False,-1,-1,NOT_REGISTERED
0,718893,669054,77178,"[729, 730, 731]",0,2,False,False,-1,-1,NOT_REGISTERED
0,844979,501897,488077,"[731, 729, 730]",0,2,False,False,-1,-1,NOT_REGISTERED
0,488903,409243,227949,"[732, 734, 736]",0,3,False,True,-1,-1,NOT_REGISTERED
1,631007,435086,874607,[734],0,2,False,True,-1,-1,NOT_REGISTERED
2,879957,741616,432845,"[734, 735, 733]",0,4,False,True,-1,-1,NOT_REGISTERED
3,85669,685074,599844,"[733, 734, 735, 736]",0,1,False,True,-1,-1,NOT_REGISTERED
4,383049,669906,476876,[735],0,4,False,True,-1,-1,NOT_REGISTERED
0,633586,462208,487569,,0,1,True,False,-1,-1,NOT_REGISTERED
1,726586,947753,248297,,0,4,True,False,-1,-1,NOT_REGISTERED
2,100416,957149,373029,,0,3,True,False,-1,-1,NOT_REGISTERED
3,216390,526097,620295,,0,4,True,False,-1,-1,NOT_REGISTERED
4,756038,447507,393539,,0,1,True,False,-1,-1,NOT_REGISTERED
0,318534,50242,951772,[742],0,3,False,False,-1,-1,NOT_REGISTERED
1,607221,879635,511013,[747],0,1,False,False,-1,-1,NOT_REGISTERED
1,354997,518846,360954,[747],0,3,False,False,-1,-1,NOT_REGISTERED
1,206956,924621,53912,[747],0,3,False,False,-1,-1,NOT_REGISTERED
1,147410,95112,302813,[747],0,1,False,False,-1,-1,NOT_REGISTERED
1,846187,921323,747668,[747],0,3,False,False,-1,-1,NOT_REGISTERED
2,181797,6990,655703,"[751, 752]",0,1,False,False,-1,-1,NOT_REGISTERED
2,59596,234381,869294,[749],0,1,False,False,-1,-1,NOT_REGISTERED
0,828328,682011,336729,[754],0,4,False,True,-1,-1,NOT_REGISTERED
1,629914,481903,544264,"[753, 754]",0,4,False,True,-1,-1,NOT_REGISTERED
2,513487,685964,871655,"[754, 753]",0,2,False,True,-1,-1,NOT_REGISTERED
3,852947,602901,603803,[753],0,1,False,True,-1,-1,NOT_REGISTERED
4,371666,305375,560791,"[754, 753]",0,4,False,True,-1,-1,NOT_REGISTERED
0,732031,264987,475214,,0,4,True,False,-1,-1,NOT_REGISTERED
1,779346,503339,377573,,0,4,True,False,-1,-1,NOT_REGISTERED
0,52546,106911,766987,[760],0,4,False,False,-1,-1,NOT_REGISTERED
0,181776,147550,878265,[760],0,4,False,False,-1,-1,NOT_REGISTERED
0,840442,298327,175094,"[761, 760]",0,1,False,False,-1,-1,NOT_REGISTERED
0,53421,499449,741265,[760],0,1,False,False,-1,-1,NOT_REGISTERED
0,30310,221358,456786,"[762, 765]",0,1,False,True,-1,-1,NOT_REGISTERED
0,127407,711351,109100,,0,4,True,False,-1,-1,NOT_REGISTERED
1,266094,125131,946064,,0,3,True,False,-1,-1,NOT_REGISTERED
0,281657,905238,246611,[768],0,1,False,False,-1,-1,NOT_REGISTERED
0,588862,919645,973646,"[767, 768]",0,1,False,False,-1,-1,NOT_REGISTERED
0,208405,113327,711632,"[767, 768]",0,1,False,False,-1,-1,NOT_REGISTERED
0,161883,748989,279998,"[768, 767]",0,4,False,False,-1,-1,NOT_REGISTERED
0,420836,96393,970152,[768],0,2,False,False,-1,-1,NOT_REGISTERED
1,319581,242224,632490,"[770, 773, 772, 771, 769]",0,1,False,False,-1,-1,NOT_REGISTERED
1,157770,915636,647606,[773],0,1,False,False,-1,-1,NOT_REGISTERED
0,537903,610577,489662,"[775, 774]",0,2,False,True,-1,-1,NOT_REGISTERED
1,405869,414608,727133,"[775, 774]",0,3,False,True,-1,-1,NOT_REGISTERED
2,599847,910231,995969,[775],1,4,False,True,-1,-1,NOT_REGISTERED
3,542072,881876,187340,[774],0,3,False,True,-1,-1,NOT_REGISTERED
4,377625,57524,373553,[774],0,3,False,True,-1,-1,NOT_REGISTERED
0,610831,191287,522661,,0,2,True,False,-1,-1,NOT_REGISTERED
1,783050,396533,147377,,0,4,True,False,-1,-1,NOT_REGISTERED
2,914947,596267,455209,,0,3,True,False,-1,-1,NOT_REGISTERED
3,483344,886983,239717,,0,3,True,False,-1,-1,NOT_REGISTERED
0,993170,442659,691787,[783],0,2,False,False,-1,-1,NOT_REGISTERED
1,379282,449118,723307,[785],0,1,False,False,-1,-1,NOT_REGISTERED
1,690263,949759,344184,[785],0,1,False,False,-1,-1,NOT_REGISTERED
1,600377,718557,193706,[785],0,3,False,False,-1,-1,NOT_REGISTERED
1,669384,106472,865141,[785],0,3,False,False,-1,-1,NOT_REGISTERED
1,732006,97247,922871,[785],0,4,False,False,-1,-1,NOT_REGISTERED
0,963359,840039,184335,[788],0,1,False,True,-1,-1,NOT_REGISTERED
1,294699,837321,141666,"[789, 787]",0,2,False,True,-1,-1,NOT_REGISTERED
2,471888,887566,394912,[789],0,3,False,True,-1,-1,NOT_REGISTERED
0,808644,941112,755664,,0,3,True,False,-1,-1,NOT_REGISTERED
0,18285,474025,153633,[794],0,1,False,False,-1,-1,NOT_REGISTERED
0,781535,943532,122868,[794],0,3,False,False,-1,-1,NOT_REGISTERED
1,468649,354507,109353,[795],0,4,False,False,-1,-1,NOT_REGISTERED
1,137625,678322,905851,[796],0,4,False,False,-1,-1,NOT_REGISTERED
1,837970,304200,131748,"[796, 795]",0,3,False,False,-1,-1,NOT_REGISTERED
2,669797,147094,14642,[799],0,2,False,False,-1,-1,NOT_REGISTERED
2,888198,294382,859816,"[798, 799, 797]",0,4,False,False,-1,-1,NOT_REGISTERED
2,259960,404040,250677,[797],0,3,False,False,-1,-1,NOT_REGISTERED
2,644325,955513,75496,"[799, 798, 797]",0,4,False,False,-1,-1,NOT_REGISTERED
0,549326,321781,577974,[801],0,1,False,True,-1,-1,NOT_REGISTERED
1,647059,2314,730899,[800],0,2,False,True,-1,-1,NOT_REGISTERED
2,454340,531702,57118,"[802, 800, 803, 801]",0,4,False,True,-1,-1,NOT_REGISTERED
3,973467,966458,230950,[802],0,3,False,True,-1,-1,NOT_REGISTERED
0,183141,291634,22507,,0,1,True,False,-1,-1,NOT_REGISTERED
1,373531,114932,217088,,0,3,True,False,-1,-1,NOT_REGISTERED
2,304240,219528,690697,,0,3,True,False,-1,-1,NOT_REGISTERED
0,228294,702041,953333,"[809, 810]",0,2,False,False,-1,-1,NOT_REGISTERED
0,167782,787425,146754,"[808, 809, 810]",0,2,False,False,-1,-1,NOT_REGISTERED
0,197031,424812,783928,"[809, 810, 808]",0,3,False,False,-1,-1,NOT_REGISTERED
0,593330,628370,814709,"[812, 811]",0,1,False,True,-1,-1,NOT_REGISTERED
1,730985,904434,225979,[812],0,1,False,True,-1,-1,NOT_REGISTERED
2,264590,633390,729855,"[812, 813, 811]",0,2,False,True,-1,-1,NOT_REGISTERED
3,104856,793187,287818,"[812, 813]",0,3,False,True,-1,-1,NOT_REGISTERED
4,928970,665894,61436,"[811, 813, 812]",1,3,False,True,-1,-1,NOT_REGISTERED
0,95675,925231,292748,,0,2,True,False,-1,-1,NOT_REGISTERED
1,150036,432560,646485,,0,3,True,False,-1,-1,NOT_REGISTERED
2,194756,822584,571373,,0,2,True,False,-1,-1,NOT_REGISTERED
3,128799,216960,136501,,0,1,True,False,-1,-1,NOT_REGISTERED
4,827248,650384,343221,,0,4,True,False,-1,-1,NOT_REGISTERED
0,998152,307182,20964,"[822, 819, 821]",0,4,False,False,-1,-1,NOT_REGISTERED
0,8980,526075,576300,"[820, 823, 822, 819]",0,3,False,False,-1,-1,NOT_REGISTERED
0,873469,687738,73639,"[819, 823, 820, 821]",0,1,False,False,-1,-1,NOT_REGISTERED
0,208060,750541,908263,"[823, 822]",0,1,False,False,-1,-1,NOT_REGISTERED
1,527147,550412,343620,"[825, 826]",0,1,False,False,-1,-1,NOT_REGISTERED
1,331881,971154,907381,[825],0,2,False,False,-1,-1,NOT_REGISTERED
1,866644,749433,164598,"[826, 825, 827, 824]",0,2,False,False,-1,-1,NOT_REGISTERED
1,134982,384991,204220,"[825, 824, 826, 827]",0,3,False,False,-1,-1,NOT_REGISTERED
0,478455,639705,472439,"[830, 828]",0,1,False,True,-1,-1,NOT_REGISTERED
1,786322,597581,816711,[828],0,4,False,True,-1,-1,NOT_REGISTERED
2,486099,91970,381921,[829],0,3,False,True,-1,-1,NOT_REGISTERED
3,370904,246651,980623,"[831, 828]",0,3,False,True,-1,-1,NOT_REGISTERED
4,641566,175117,21380,[831],0,2,False,True,-1,-1,NOT_REGISTERED
0,332976,883438,31535,,0,1,True,False,-1,-1,NOT_REGISTERED
1,307445,390680,894397,,0,3,True,False,-1,-1,NOT_REGISTERED
0,455770,673426,56648,[838],0,3,False,False,-1,-1,NOT_REGISTERED
0,118299,269916,653303,[838],0,3,False,False,-1,-1,NOT_REGISTERED
0,933933,442593,891468,[838],1,2,False,False,-1,-1,NOT_REGISTERED
1,225843,636048,908733,"[839, 841, 840]",0,3,False,False,-1,-1,NOT_REGISTERED
1,281758,457197,999881,"[839, 841]",0,2,False,False,-1,-1,NOT_REGISTERED
2,924177,91034,197814,[842],0,2,False,False,-1,-1,NOT_REGISTERED
0,554278,647304,925282,[844],0,1,False,True,-1,-1,NOT_REGISTERED
1,117290,493052,84549,[844],0,2,False,True,-1,-1,NOT_REGISTERED
2,817039,808468,7217,[844],0,3,False,True,-1,-1,NOT_REGISTERED
3,356302,546611,271247,[844],0,3,False,True,-1,-1,NOT_REGISTERED
4,239796,302376,855386,[844],0,3,False,True,-1,-1,NOT_REGISTERED
0,63370,282051,560302,,0,3,True,False,-1,-1,NOT_REGISTERED
1,849157,256499,201608,,0,2,True,False,-1,-1,NOT_REGISTERED
0,448712,504456,143721,[850],0,3,False,False,-1,-1,NOT_REGISTERED
0,369920,519263,795606,"[851, 850]",0,1,False,False,-1,-1,NOT_REGISTERED
0,551368,213296,923140,"[850, 851]",0,3,False,False,-1,-1,NOT_REGISTERED
0,82009,314913,813485,[851],0,3,False,False,-1,-1,NOT_REGISTERED
1,542736,87813,420820,[853],0,1,False,False,-1,-1,NOT_REGISTERED
1,647200,985670,576669,[854],0,4,False,False,-1,-1,NOT_REGISTERED
1,835007,313113,916618,"[855, 853, 854]",0,1,False,False,-1,-1,NOT_REGISTERED
1,528772,796522,791971,"[855, 852, 853, 854]",0,1,False,False,-1,-1,NOT_REGISTERED
0,366657,334175,725445,[856],0,1,False,True,-1,-1,NOT_REGISTERED
1,253858,416610,44284,"[859, 857, 856]",0,2,False,True,-1,-1,NOT_REGISTERED
0,299886,835533,656884,,0,4,True,False,-1,-1,NOT_REGISTERED
1,563781,511102,483425,,0,1,True,False,-1,-1,NOT_REGISTERED
2,225209,28589,305792,,0,1,True,False,-1,-1,NOT_REGISTERED
0,746989,961366,183749,[864],0,3,False,False,-1,-1,NOT_REGISTERED
0,84022,651747,615347,[863],0,1,False,False,-1,-1,NOT_REGISTERED
0,602831,757311,678851,"[863, 864, 862]",0,4,False,False,-1,-1,NOT_REGISTERED
1,409196,94192,141229,"[865, 867, 866]",0,1,False,False,-1,-1,NOT_REGISTERED
0,424043,456985,672607,[868],0,2,False,True,-1,-1,NOT_REGISTERED
1,296114,524654,153311,[868],0,3,False,True,-1,-1,NOT_REGISTERED
2,49174,274347,62544,[868],0,3,False,True,-1,-1,NOT_REGISTERED
3,682359,23162,774646,[868],1,4,False,True,-1,-1,NOT_REGISTERED
4,109611,940657,853737,[868],0,1,False,True,-1,-1,NOT_REGISTERED
0,808344,463202,453612,,0,4,True,False,-1,-1,NOT_REGISTERED
1,136713,719997,311861,,0,1,True,False,-1,-1,NOT_REGISTERED
2,943362,887772,49504,,0,2,True,False,-1,-1,NOT_REGISTERED
3,228272,815086,661816,,0,2,True,False,-1,-1,NOT_REGISTERED
0,363231,726910,508854,[875],0,4,False,False,-1,-1,NOT_REGISTERED
0,115970,72136,162987,[878],0,1,False,True,-1,-1,NOT_REGISTERED
1,280629,702102,202826,[878],0,4,False,True,-1,-1,NOT_REGISTERED
2,798537,544091,717007,[878],0,2,False,True,-1,-1,NOT_REGISTERED
0,112969,841005,262239,,0,4,True,False,-1,-1,NOT_REGISTERED
1,547945,128179,381119,,0,1,True,False,-1,-1,NOT_REGISTERED
0,552656,8565,644364,"[883, 882]",0,2,False,False,-1,-1,NOT_REGISTERED
0,398351,430270,648204,"[882, 883]",0,4,False,False,-1,-1,NOT_REGISTERED
0,926096,50907,860443,"[883, 882]",0,3,False,False,-1,-1,NOT_REGISTERED
0,351899,310632,966883,[883],0,4,False,False,-1,-1,NOT_REGISTERED
0,716500,311036,369094,"[882, 883]",0,3,False,False,-1,-1,NOT_REGISTERED
1,287142,999456,677173,"[888, 885, 887, 886]",0,1,False,False,-1,-1,NOT_REGISTERED
1,961268,497006,197813,"[886, 884, 885, 887]",1,1,False,False,-1,-1,NOT_REGISTERED
1,701431,583489,601646,"[887, 885, 886]",0,4,False,False,-1,-1,NOT_REGISTERED
1,766691,549519,377875,"[885, 884, 888]",0,3,False,False,-1,-1,NOT_REGISTERED
2,793480,145600,221668,"[890, 891, 892, 889]",0,2,False,False,-1,-1,NOT_REGISTERED
2,715751,722301,988340,"[889, 891, 892]",0,4,False,False,-1,-1,NOT_REGISTERED
0,953175,430067,221365,"[894, 893]",0,2,False,True,-1,-1,NOT_REGISTERED
1,262539,190086,168426,[893],0,4,False,True,-1,-1,NOT_REGISTERED
2,755769,617780,751897,"[893, 894]",0,4,False,True,-1,-1,NOT_REGISTERED
3,358792,136478,181539,"[893, 894]",0,4,False,True,-1,-1,NOT_REGISTERED
0,372008,918182,883643,,0,1,True,False,-1,-1,NOT_REGISTERED
1,503418,441638,122194,,0,1,True,False,-1,-1,NOT_REGISTERED
2,172366,986264,527310,,0,2,True,False,-1,-1,NOT_REGISTERED
3,641788,986401,718230,,0,4,True,False,-1,-1,NOT_REGISTERED
0,161056,884225,241628,[902],0,4,False,False,-1,-1,NOT_REGISTERED
0,611548,310338,37059,"[899, 900, 901]",0,3,False,False,-1,-1,NOT_REGISTERED
1,413663,206741,196648,"[903, 904]",0,4,False,False,-1,-1,NOT_REGISTERED
1,495759,535378,889006,"[904, 903]",0,1,False,False,-1,-1,NOT_REGISTERED
1,703481,374040,95546,[903],1,2,False,False,-1,-1,NOT_REGISTERED
1,303408,563840,742824,"[904, 903]",0,4,False,False,-1,-1,NOT_REGISTERED
0,433523,830916,501802,[905],0,3,False,True,-1,-1,NOT_REGISTERED
1,610352,508271,806016,"[906, 908]",0,4,False,True,-1,-1,NOT_REGISTERED
2,536764,951204,637399,"[906, 907, 908, 905]",0,4,False,True,-1,-1,NOT_REGISTERED
3,117078,835276,126235,"[905, 908, 906, 907]",0,2,False,True,-1,-1,NOT_REGISTERED
0,945440,731320,479742,,0,3,True,False,-1,-1,NOT_REGISTERED
1,25333,895071,945000,,1,2,True,False,-1,-1,NOT_REGISTERED
2,424130,33546,775547,,0,4,True,False,-1,-1,NOT_REGISTERED
3,710256,493716,133146,,0,1,True,False,-1,-1,NOT_REGISTERED
4,248876,668307,817141,,0,3,True,False,-1,-1,NOT_REGISTERED
0,962434,513162,320819,"[917, 914, 913]",0,4,False,False,-1,-1,NOT_REGISTERED
0,875470,864575,420669,"[916, 913]",0,1,False,False,-1,-1,NOT_REGISTERED
0,158313,448898,1501,"[914, 913, 916]",0,3,False,False,-1,-1,NOT_REGISTERED
0,65284,941706,101905,"[915, 913, 914, 917]",0,2,False,False,-1,-1,NOT_REGISTERED
0,497290,562533,354874,"[913, 915]",0,2,False,False,-1,-1,NOT_REGISTERED
1,610909,222225,924773,[919],0,3,False,False,-1,-1,NOT_REGISTERED
1,313728,904077,896342,"[921, 920, 922, 918]",0,4,False,False,-1,-1,NOT_REGISTERED
1,285901,16289,853335,"[920, 918]",0,2,False,False,-1,-1,NOT_REGISTERED
1,376539,561272,79660,"[922, 919, 920, 918, 921]",0,4,False,False,-1,-1,NOT_REGISTERED
2,523382,548963,682737,"[923, 925, 924]",0,2,False,False,-1,-1,NOT_REGISTERED
2,375982,820923,955968,"[926, 924, 925]",0,2,False,False,-1,-1,NOT_REGISTERED
2,243901,162698,216597,"[924, 926, 925, 923]",0,4,False,False,-1,-1,NOT_REGISTERED
2,627302,872844,249246,"[925, 923, 926, 924]",0,4,False,False,-1,-1,NOT_REGISTERED
0,287501,527837,308077,[927],1,3,False,True,-1,-1,NOT_REGISTERED
0,613841,896076,409889,,0,3,True,False,-1,-1,NOT_REGISTERED
1,10753,134409,616614,,0,4,True,False,-1,-1,NOT_REGISTERED
2,611406,997477,449027,,0,4,True,False,-1,-1,NOT_REGISTERED
3,559075,653386,398620,,0,1,True,False,-1,-1,NOT_REGISTERED
4,464444,739704,993565,,0,3,True,False,-1,-1,NOT_REGISTERED
0,714541,460809,140835,"[933, 932, 934, 936]",0,4,False,False,-1,-1,NOT_REGISTERED
0,19951,615410,66636,"[936, 932, 935, 934, 933]",0,2,False,False,-1,-1,NOT_REGISTERED
0,459445,236361,299976,[933],0,1,False,False,-1,-1,NOT_REGISTERED
0,596409,208323,498761,"[935, 934]",0,2,False,False,-1,-1,NOT_REGISTERED
1,140983,596147,533970,[937],1,1,False,False,-1,-1,NOT_REGISTERED
2,403097,308126,439842,[941],0,1,False,False,-1,-1,NOT_REGISTERED
2,498571,200468,258620,[941],0,3,False,False,-1,-1,NOT_REGISTERED
0,960753,409196,92529,[942],0,3,False,True,-1,-1,NOT_REGISTERED
1,731438,794517,216971,"[943, 942]",0,2,False,True,-1,-1,NOT_REGISTERED
2,200303,782453,226447,"[943, 942]",1,2,False,True,-1,-1,NOT_REGISTERED
0,528744,18471,827726,,0,4,True,False,-1,-1,NOT_REGISTERED
1,260572,355202,786585,,0,4,True,False,-1,-1,NOT_REGISTERED
0,907865,362125,165549,"[948, 947]",0,2,False,False,-1,-1,NOT_REGISTERED
0,380643,214524,433949,"[948, 947]",0,1,False,False,-1,-1,NOT_REGISTERED
0,197048,872641,96837,"[948, 947]",0,1,False,False,-1,-1,NOT_REGISTERED
0,543643,777968,597574,[949],0,1,False,True,-1,-1,NOT_REGISTERED
0,858085,237549,467304,,0,3,True,False,-1,-1,NOT_REGISTERED
1,503038,409572,705716,,0,4,True,False,-1,-1,NOT_REGISTERED
2,322766,937636,160955,,0,3,True,False,-1,-1,NOT_REGISTERED
3,278947,330998,15014,,0,2,True,False,-1,-1,NOT_REGISTERED
4,610728,115810,946305,,0,2,True,False,-1,-1,NOT_REGISTERED
0,691048,978780,696974,"[956, 953, 957, 955]",0,4,False,False,-1,-1,NOT_REGISTERED
0,677888,160206,256309,"[957, 956, 955, 954, 953]",0,2,False,False,-1,-1,NOT_REGISTERED
0,662328,915497,601548,"[958, 959]",0,1,False,True,-1,-1,NOT_REGISTERED
1,185925,610088,964306,"[959, 958]",0,4,False,True,-1,-1,NOT_REGISTERED
2,398783,129686,575208,[959],0,2,False,True,-1,-1,NOT_REGISTERED
0,85974,893036,505528,,0,4,True,False,-1,-1,NOT_REGISTERED
1,285829,114317,869172,,0,1,True,False,-1,-1,NOT_REGISTERED
0,774967,473026,800581,[963],0,3,False,False,-1,-1,NOT_REGISTERED
0,273355,729211,133326,[964],0,2,False,False,-1,-1,NOT_REGISTERED
0,301162,559131,144224,[964],0,1,False,False,-1,-1,NOT_REGISTERED
0,781332,307879,998613,[963],0,4,False,False,-1,-1,NOT_REGISTERED
0,15296,514151,539149,[964],0,3,False,False,-1,-1,NOT_REGISTERED
1,294138,64864,783182,[967],0,1,False,False,-1,-1,NOT_REGISTERED
1,559297,773761,465446,"[969, 968, 965]",0,1,False,False,-1,-1,NOT_REGISTERED
1,431465,418754,863437,"[969, 968, 967, 965]",0,4,False,False,-1,-1,NOT_REGISTERED
1,600489,82058,214685,"[969, 966, 968]",0,4,False,False,-1,-1,NOT_REGISTERED
1,980880,950061,295550,"[966, 967, 965, 969]",0,3,False,False,-1,-1,NOT_REGISTERED
0,151667,675964,660682,"[970, 972]",0,1,False,True,-1,-1,NOT_REGISTERED
1,208959,565531,577175,"[970, 971, 974, 972, 973]",0,1,False,True,-1,-1,NOT_REGISTERED
0,48778,238989,863819,,0,2,True,False,-1,-1,NOT_REGISTERED
1,443017,657664,592056,,0,4,True,False,-1,-1,NOT_REGISTERED
2,321329,275300,121561,,0,4,True,False,-1,-1,NOT_REGISTERED
0,785454,875548,414288,"[979, 978, 977]",0,4,False,False,-1,-1,NOT_REGISTERED
0,178818,908517,326111,[977],0,2,False,False,-1,-1,NOT_REGISTERED
0,253411,320966,550120,"[978, 979]",0,1,False,False,-1,-1,NOT_REGISTERED
0,19785,395381,354295,[977],0,2,False,False,-1,-1,NOT_REGISTERED
1,117782,688068,687218,"[982, 981, 980]",1,3,False,False,-1,-1,NOT_REGISTERED
1,802817,930705,92247,[983],0,4,False,False,-1,-1,NOT_REGISTERED
0,394481,579858,812846,[984],0,4,False,True,-1,-1,NOT_REGISTERED
1,329921,497523,1757,[984],0,1,False,True,-1,-1,NOT_REGISTERED
0,832385,661571,884967,,0,4,True,False,-1,-1,NOT_REGISTERED
1,981456,255315,299676,,0,3,True,False,-1,-1,NOT_REGISTERED
0,313780,951330,978289,"[989, 988]",0,4,False,False,-1,-1,NOT_REGISTERED
0,382908,959634,429334,"[988, 989]",0,2,False,False,-1,-1,NOT_REGISTERED
0,612843,446067,175654,[989],0,3,False,False,-1,-1,NOT_REGISTERED
1,369774,368329,468980,"[992, 991, 990]",0,3,False,False,-1,-1,NOT_REGISTERED
1,4660,881602,557385,"[990, 992, 991]",0,1,False,False,-1,-1,NOT_REGISTERED
1,38317,312381,260701,"[990, 992]",0,4,False,False,-1,-1,NOT_REGISTERED
0,301810,484070,333600,"[995, 994, 993]",0,1,False,True,-1,-1,NOT_REGISTERED
1,106337,313952,829054,[994],0,2,False,True,-1,-1,NOT_REGISTERED
2,472092,319764,375335,[993],0,4,False,True,-1,-1,NOT_REGISTERED
3,107495,923737,816882,"[993, 995]",0,3,False,True,-1,-1,NOT_REGISTERED
0,982331,889727,578366,,0,1,True,False,-1,-1,NOT_REGISTERED
1,53585,808680,876936,,0,1,True,False,-1,-1,NOT_REGISTERED
0,532278,691434,999696,"[1000, 1001]",0,2,False,False,-1,-1,NOT_REGISTERED
0,134252,299296,906942,[1001],0,2,False,False,-1,-1,NOT_REGISTERED
0,279395,398396,19620,[1001],0,2,False,False,-1,-1,NOT_REGISTERED
1,882736,846060,838624,[1002],0,1,False,False,-1,-1,NOT_REGISTERED
1,473718,798863,51824,[1003],0,2,False,False,-1,-1,NOT_REGISTERED
1,365106,812761,856930,"[1004, 1002]",0,3,False,False,-1,-1,NOT_REGISTERED
1,27461,780908,515968,[1004],0,1,False,False,-1,-1,NOT_REGISTERED
2,174107,835448,98688,"[1008, 1006, 1007]",0,4,False,False,-1,-1,NOT_REGISTERED
2,568516,972748,936919,"[1007, 1006, 1008]",0,1,False,False,-1,-1,NOT_REGISTERED
2,553175,85062,696496,"[1005, 1007, 1008]",0,2,False,False,-1,-1,NOT_REGISTERED
0,645814,794372,709915,"[1009, 1011]",0,3,False,True,-1,-1,NOT_REGISTERED
1,278600,211448,826197,[1009],0,3,False,True,-1,-1,NOT_REGISTERED
2,125858,364396,891321,"[1011, 1009]",0,4,False,True,-1,-1,NOT_REGISTERED
3,94944,143413,428618,"[1009, 1011]",0,1,False,True,-1,-1,NOT_REGISTERED
4,722753,938365,509774,[1010],0,3,False,True,-1,-1,NOT_REGISTERED
0,830409,323150,28431,,0,4,True,False,-1,-1,NOT_REGISTERED
1,355276,92564,690610,,0,3,True,False,-1,-1,NOT_REGISTERED
2,798295,360811,218591,,0,1,True,False,-1,-1,NOT_REGISTERED
0,284784,31862,792656,"[1017, 1019, 1018]",0,4,False,False,-1,-1,NOT_REGISTERED
0,583006,28603,868202,"[1019, 1018]",0,3,False,False,-1,-1,NOT_REGISTERED
0,534355,363147,934817,"[1019, 1018]",0,1,False,False,-1,-1,NOT_REGISTERED
0,260148,670609,493250,[1017],0,2,False,False,-1,-1,NOT_REGISTERED
0,650875,781449,1643,[1018],0,1,False,False,-1,-1,NOT_REGISTERED
0,669660,69671,770774,[1023],1,3,False,True,-1,-1,NOT_REGISTERED
1,544042,96340,641637,"[1024, 1022, 1020, 1021]",0,3,False,True,-1,-1,NOT_REGISTERED
2,107869,743190,825705,"[1024, 1022, 1020, 1023]",0,4,False,True,-1,-1,NOT_REGISTERED
3,794302,554357,775693,"[1021, 1023, 1022, 1024]",0,2,False,True,-1,-1,NOT_REGISTERED
0,849636,938719,868912,,0,2,True,False,-1,-1,NOT_REGISTERED
1,996194,235510,370474,,0,2,True,False,-1,-1,NOT_REGISTERED
0,482121,678939,114737,[1029],0,2,False,False,-1,-1,NOT_REGISTERED
0,776061,861207,576617,"[1030, 1029]",0,1,False,False,-1,-1,NOT_REGISTERED
0,615678,435467,961135,"[1029, 1030]",0,3,False,False,-1,-1,NOT_REGISTERED
0,242373,853768,783052,"[1029, 1030]",0,4,False,False,-1,-1,NOT_REGISTERED
0,650262,862344,347494,[1030],1,3,False,False,-1,-1,NOT_REGISTERED
1,117010,145809,600671,[1034],0,4,False,False,-1,-1,NOT_REGISTERED
1,816337,275170,379072,"[1032, 1035, 1031, 1034, 1033]",0,1,False,False,-1,-1,NOT_REGISTERED
1,747846,746557,280748,"[1033, 1034]",0,4,False,False,-1,-1,NOT_REGISTERED
1,194443,273891,408127,"[1031, 1033, 1035, 1034, 1032]",0,3,False,False,-1,-1,NOT_REGISTERED
1,930712,456211,687367,[1034],0,1,False,False,-1,-1,NOT_REGISTERED
2,594792,383308,461617,"[1036, 1038, 1040, 1039, 1037]",0,3,False,False,-1,-1,NOT_REGISTERED
2,737942,611985,717877,"[1040, 1036, 1037]",0,4,False,False,-1,-1,NOT_REGISTERED
2,797144,921484,492643,"[1036, 1038, 1037, 1039, 1040]",0,4,False,False,-1,-1,NOT_REGISTERED
2,122798,663062,539937,"[1039, 1038, 1036]",0,2,False,False,-1,-1,NOT_REGISTERED
2,844072,960206,29269,[1036],0,1,False,False,-1,-1,NOT_REGISTERED
0,255355,930721,545546,"[1044, 1041, 1045, 1042, 1043]",0,4,False,True,-1,-1,NOT_REGISTERED
1,377753,466503,651363,"[1042, 1043, 1045]",0,1,False,True,-1,-1,NOT_REGISTERED
0,856405,825591,553123,,0,3,True,False,-1,-1,NOT_REGISTERED
1,226323,522057,504402,,0,1,True,False,-1,-1,NOT_REGISTERED
2,172463,226415,322899,,0,3,True,False,-1,-1,NOT_REGISTERED
3,1941,98029,176672,,0,2,True,False,-1,-1,NOT_REGISTERED
4,895542,368881,202039,,0,4,True,False,-1,-1,NOT_REGISTERED
0,704481,67026,617006,[1052],0,1,False,False,-1,-1,NOT_REGISTERED
0,939892,357593,572756,"[1050, 1048, 1049, 1052]",0,2,False,False,-1,-1,NOT_REGISTERED
0,738145,304863,260677,"[1049, 1052, 1051]",0,2,False,False,-1,-1,NOT_REGISTERED
0,131497,425027,530242,"[1049, 1048, 1051, 1050]",0,1,False,False,-1,-1,NOT_REGISTERED
0,501157,522414,749902,"[1055, 1054]",0,3,False,True,-1,-1,NOT_REGISTERED
1,295949,931539,951632,"[1055, 1056, 1053, 1054]",0,3,False,True,-1,-1,NOT_REGISTERED
2,873364,968794,152822,"[1056, 1053, 1055, 1054]",0,3,False,True,-1,-1,NOT_REGISTERED
3,405463,342111,252657,"[1054, 1055, 1053]",0,1,False,True,-1,-1,NOT_REGISTERED
0,813220,475435,757463,,0,1,True,False,-1,-1,NOT_REGISTERED
1,954791,410307,576228,,0,3,True,False,-1,-1,NOT_REGISTERED
0,134893,29684,66502,[1062],0,3,False,False,-1,-1,NOT_REGISTERED
1,97979,368514,586399,[1063],0,2,False,False,-1,-1,NOT_REGISTERED
1,282164,192143,317086,[1063],0,3,False,False,-1,-1,NOT_REGISTERED
1,520161,326945,971791,[1063],0,3,False,False,-1,-1,NOT_REGISTERED
1,143765,500099,809882,[1063],0,3,False,False,-1,-1,NOT_REGISTERED
1,83844,613773,433325,[1063],0,1,False,False,-1,-1,NOT_REGISTERED
0,366329,193858,915655,"[1067, 1064, 1068]",0,2,False,True,-1,-1,NOT_REGISTERED
1,216014,970207,506147,"[1067, 1066, 1064, 1065, 1068]",0,2,False,True,-1,-1,NOT_REGISTERED
0,496574,779224,540926,,0,3,True,False,-1,-1,NOT_REGISTERED
1,37558,600995,877318,,0,1,True,False,-1,-1,NOT_REGISTERED
2,140724,954839,632759,,0,2,True,False,-1,-1,NOT_REGISTERED
3,291263,944794,235661,,0,3,True,False,-1,-1,NOT_REGISTERED
0,164123,108376,292417,"[1073, 1074, 1072]",0,1,False,False,-1,-1,NOT_REGISTERED
0,249032,932337,707235,"[1073, 1074, 1072, 1071]",0,4,False,False,-1,-1,NOT_REGISTERED
0,219074,908956,545865,"[1074, 1073]",0,3,False,False,-1,-1,NOT_REGISTERED
1,284889,561672,390710,[1077],0,2,False,False,-1,-1,NOT_REGISTERED
1,655283,712599,453007,"[1077, 1075, 1076]",0,2,False,False,-1,-1,NOT_REGISTERED
1,990071,285616,663570,"[1077, 1076]",0,3,False,False,-1,-1,NOT_REGISTERED
1,318689,517469,749457,[1077],0,2,False,False,-1,-1,NOT_REGISTERED
1,784046,301780,34249,"[1077, 1075]",0,3,False,False,-1,-1,NOT_REGISTERED
2,724351,794156,110432,[1081],0,4,False,False,-1,-1,NOT_REGISTERED
0,170942,114454,29300,[1083],0,3,False,True,-1,-1,NOT_REGISTERED
1,78432,623080,452476,[1083],0,4,False,True,-1,-1,NOT_REGISTERED
2,230555,90115,24411,[1083],0,3,False,True,-1,-1,NOT_REGISTERED
0,601900,17512,431864,,0,3,True,False,-1,-1,NOT_REGISTERED
1,289963,633450,683171,,0,1,True,False,-1,-1,NOT_REGISTERED
2,207589,78575,274773,,0,1,True,False,-1,-1,NOT_REGISTERED
0,505254,176323,495465,[1088],0,2,False,False,-1,-1,NOT_REGISTERED
0,650206,382735,101963,"[1087, 1089, 1088]",0,4,False,False,-1,-1,NOT_REGISTERED
0,212711,134796,693904,[1088],0,2,False,False,-1,-1,NOT_REGISTERED
0,344028,709186,105820,"[1088, 1087]",0,1,False,False,-1,-1,NOT_REGISTERED
1,610441,161693,971607,"[1092, 1093, 1091, 1090]",0,4,False,False,-1,-1,NOT_REGISTERED
1,419053,381254,689467,"[1092, 1091, 1090]",0,2,False,False,-1,-1,NOT_REGISTERED
1,209103,583850,884448,"[1090, 1091]",0,1,False,False,-1,-1,NOT_REGISTERED
0,629752,870280,40980,[1095],0,2,False,True,-1,-1,NOT_REGISTERED
1,762785,113587,342336,"[1095, 1096]",0,4,False,True,-1,-1,NOT_REGISTERED
2,99464,259333,180160,[1094],0,4,False,True,-1,-1,NOT_REGISTERED
0,121276,636872,207319,,0,3,True,False,-1,-1,NOT_REGISTERED
1,83498,518654,663985,,0,2,True,False,-1,-1,NOT_REGISTERED
2,732343,134558,590646,,0,4,True,False,-1,-1,NOT_REGISTERED
0,433609,545270,10442,[1100],0,3,False,False,-1,-1,NOT_REGISTERED
0,496799,174599,308809,[1103],0,3,False,True,-1,-1,NOT_REGISTERED
1,91963,476444,480886,[1103],0,1,False,True,-1,-1,NOT_REGISTERED
0,856327,221151,412727,,0,1,True,False,-1,-1,NOT_REGISTERED
1,420656,900854,853547,,0,1,True,False,-1,-1,NOT_REGISTERED
2,70137,423911,228943,,0,4,True,False,-1,-1,NOT_REGISTERED
3,406770,970238,892307,,0,1,True,False,-1,-1,NOT_REGISTERED
0,157516,322149,744378,"[1108, 1109, 1107]",0,3,False,False,-1,-1,NOT_REGISTERED
0,662541,105149,557317,"[1108, 1109]",0,2,False,False,-1,-1,NOT_REGISTERED
0,566960,436187,178067,[1108],0,1,False,False,-1,-1,NOT_REGISTERED
0,963539,813464,540139,[1107],0,2,False,False,-1,-1,NOT_REGISTERED
0,671236,993667,890496,"[1109, 1107]",0,1,False,False,-1,-1,NOT_REGISTERED
0,165470,189666,311415,"[1112, 1110, 1111, 1114, 1113]",0,4,False,True,-1,-1,NOT_REGISTERED
0,251164,102115,519230,,0,4,True,False,-1,-1,NOT_REGISTERED
1,162398,857350,894560,,0,3,True,False,-1,-1,NOT_REGISTERED
0,900542,89249,850411,[1117],0,3,False,False,-1,-1,NOT_REGISTERED
0,943964,965292,12481,[1117],1,4,False,False,-1,-1,NOT_REGISTERED
0,624245,905394,47677,"[1116, 1117]",0,3,False,False,-1,-1,NOT_REGISTERED
0,440494,161960,669621,"[1117, 1116]",0,2,False,False,-1,-1,NOT_REGISTERED
1,141021,545762,753408,"[1121, 1118]",0,2,False,False,-1,-1,NOT_REGISTERED
0,865141,933588,367516,[1122],0,2,False,True,-1,-1,NOT_REGISTERED
0,788290,869444,139523,,0,1,True,False,-1,-1,NOT_REGISTERED
1,517405,159799,126764,,0,1,True,False,-1,-1,NOT_REGISTERED
0,634175,631304,353147,[1124],0,3,False,False,-1,-1,NOT_REGISTERED
0,743141,858713,272876,[1124],0,4,False,False,-1,-1,NOT_REGISTERED
0,213587,354127,216935,"[1125, 1124]",0,4,False,False,-1,-1,NOT_REGISTERED
1,345171,240576,887182,"[1126, 1127, 1128]",0,2,False,False,-1,-1,NOT_REGISTERED
1,17246,651955,113454,"[1128, 1126]",0,4,False,False,-1,-1,NOT_REGISTERED
0,41342,985744,258296,[1129],0,3,False,True,-1,-1,NOT_REGISTERED
1,745741,753503,900420,"[1129, 1130]",0,2,False,True,-1,-1,NOT_REGISTERED
2,994691,553482,805310,[1130],0,4,False,True,-1,-1,NOT_REGISTERED
0,795740,572938,991200,,0,2,True,False,-1,-1,NOT_REGISTERED
0,203993,724753,629396,[1134],0,2,False,False,-1,-1,NOT_REGISTERED
0,548681,769383,822539,[1134],0,4,False,False,-1,-1,NOT_REGISTERED
0,669813,415818,392884,[1134],0,4,False,False,-1,-1,NOT_REGISTERED
0,137493,502465,7987,[1134],0,1,False,False,-1,-1,NOT_REGISTERED
0,893578,501480,925313,[1134],0,1,False,False,-1,-1,NOT_REGISTERED
1,844047,298597,377819,"[1136, 1139]",0,4,False,False,-1,-1,NOT_REGISTERED
1,190733,601110,35768,"[1136, 1137, 1135, 1138, 1139]",0,2,False,False,-1,-1,NOT_REGISTERED
1,71297,417641,773185,"[1137, 1139, 1135]",0,3,False,False,-1,-1,NOT_REGISTERED
0,644091,155326,825414,[1140],0,3,False,True,-1,-1,NOT_REGISTERED
1,908521,470903,365731,"[1142, 1140]",0,2,False,True,-1,-1,NOT_REGISTERED
2,82543,943157,853747,"[1140, 1142]",0,4,False,True,-1,-1,NOT_REGISTERED
3,933026,102067,906727,"[1140, 1141]",0,2,False,True,-1,-1,NOT_REGISTERED
4,634064,883687,177889,"[1141, 1140, 1142]",0,1,False,True,-1,-1,NOT_REGISTERED
0,991378,413477,513201,,0,1,True,False,-1,-1,NOT_REGISTERED
1,738568,269770,745568,,0,1,True,False,-1,-1,NOT_REGISTERED
2,271250,415861,768783,,0,2,True,False,-1,-1,NOT_REGISTERED
3,406789,683430,784069,,1,1,True,False,-1,-1,NOT_REGISTERED
4,737953,544002,677044,,0,4,True,False,-1,-1,NOT_REGISTERED
0,77739,916894,641278,[1149],0,3,False,False,-1,-1,NOT_REGISTERED
0,282174,349886,874150,"[1149, 1148, 1151, 1152, 1150]",0,4,False,False,-1,-1,NOT_REGISTERED
1,956882,309783,40682,"[1153, 1154]",0,2,False,False,-1,-1,NOT_REGISTERED
1,830599,561601,706405,"[1154, 1153]",0,4,False,False,-1,-1,NOT_REGISTERED
1,886008,352933,741246,"[1154, 1153]",0,2,False,False,-1,-1,NOT_REGISTERED
0,55978,25135,882517,"[1156, 1155, 1157]",0,1,False,True,-1,-1,NOT_REGISTERED
1,685512,509813,853698,"[1157, 1156, 1155]",0,1,False,True,-1,-1,NOT_REGISTERED
2,869515,302573,495024,"[1157, 1155]",0,1,False,True,-1,-1,NOT_REGISTERED
3,416117,752323,796743,"[1156, 1155]",0,3,False,True,-1,-1,NOT_REGISTERED
4,756775,47734,994464,[1156],1,4,False,True,-1,-1,NOT_REGISTERED
0,482907,220678,707765,,0,1,True,False,-1,-1,NOT_REGISTERED
1,829167,392170,431483,,0,4,True,False,-1,-1,NOT_REGISTERED
2,898703,540091,312955,,0,4,True,False,-1,-1,NOT_REGISTERED
3,309035,619871,70488,,0,2,True,False,-1,-1,NOT_REGISTERED
4,467410,946530,15802,,0,3,True,False,-1,-1,NOT_REGISTERED
0,710833,416411,521404,"[1167, 1163, 1166, 1165]",0,1,False,False,-1,-1,NOT_REGISTERED
0,705660,730745,602777,"[1164, 1167]",0,3,False,False,-1,-1,NOT_REGISTERED
0,802039,955955,134378,"[1163, 1165, 1167, 1164]",0,1,False,False,-1,-1,NOT_REGISTERED
0,194165,136791,423039,"[1167, 1163, 1164, 1165]",0,3,False,False,-1,-1,NOT_REGISTERED
0,90916,94962,955036,"[1163, 1166, 1165]",0,3,False,False,-1,-1,NOT_REGISTERED
0,201373,823914,47022,"[1171, 1170, 1172]",0,4,False,True,-1,-1,NOT_REGISTERED
1,631891,201709,866174,"[1170, 1168, 1169, 1171]",0,4,False,True,-1,-1,NOT_REGISTERED
0,855643,634726,245536,,0,4,True,False,-1,-1,NOT_REGISTERED
1,283671,223550,111274,,0,3,True,False,-1,-1,NOT_REGISTERED
2,13519,75198,330075,,0,4,True,False,-1,-1,NOT_REGISTERED
3,295880,150905,26991,,0,3,True,False,-1,-1,NOT_REGISTERED
0,610826,852979,551566,"[1175, 1177, 1176]",0,4,False,False,-1,-1,NOT_REGISTERED
0,955875,319255,189707,"[1177, 1178, 1176]",0,1,False,False,-1,-1,NOT_REGISTERED
0,452709,543945,84180,"[1176, 1175, 1178]",0,4,False,False,-1,-1,NOT_REGISTERED
1,290959,437348,947260,"[1179, 1181, 1180]",0,2,False,False,-1,-1,NOT_REGISTERED
1,161410,369446,594399,[1180],0,4,False,False,-1,-1,NOT_REGISTERED
1,509398,293050,969165,[1180],0,4,False,False,-1,-1,NOT_REGISTERED
2,30712,742172,913729,"[1183, 1182]",0,1,False,False,-1,-1,NOT_REGISTERED
2,483154,672470,181465,[1182],0,4,False,False,-1,-1,NOT_REGISTERED
2,268292,716642,402032,[1184],0,2,False,False,-1,-1,NOT_REGISTERED
2,409347,124037,627309,[1184],0,4,False,False,-1,-1,NOT_REGISTERED
0,428979,530599,506020,"[1185, 1187, 1186]",1,3,False,True,-1,-1,NOT_REGISTERED
1,762906,416217,884612,"[1186, 1185]",0,2,False,True,-1,-1,NOT_REGISTERED
0,639374,931335,555560,,0,2,True,False,-1,-1,NOT_REGISTERED
1,710150,594204,555314,,0,3,True,False,-1,-1,NOT_REGISTERED
2,877679,268128,526603,,0,1,True,False,-1,-1,NOT_REGISTERED
3,454609,367050,492279,,0,4,True,False,-1,-1,NOT_REGISTERED
4,45248,934040,204719,,0,1,True,False,-1,-1,NOT_REGISTERED
0,196442,278953,166611,"[1191, 1193]",1,2,False,False,-1,-1,NOT_REGISTERED
0,990621,244243,271327,"[1193, 1195]",0,2,False,False,-1,-1,NOT_REGISTERED
0,571227,411856,560745,"[1191, 1192, 1195]",0,1,False,False,-1,-1,NOT_REGISTERED
1,88307,269935,732032,"[1198, 1196]",0,3,False,False,-1,-1,NOT_REGISTERED
0,880611,92072,240254,[1199],0,2,False,True,-1,-1,NOT_REGISTERED
1,377896,496255,281955,[1199],0,3,False,True,-1,-1,NOT_REGISTERED
2,65996,644137,444153,[1199],0,4,False,True,-1,-1,NOT_REGISTERED
0,183828,499229,70769,,0,1,True,False,-1,-1,NOT_REGISTERED
0,468445,34164,941568,[1203],1,1,False,False,-1,-1,NOT_REGISTERED
0,467310,827361,123324,[1204],0,4,False,True,-1,-1,NOT_REGISTERED
0,511290,409284,362850,,0,4,True,False,-1,-1,NOT_REGISTERED
1,650737,640629,150219,,0,4,True,False,-1,-1,NOT_REGISTERED
2,453138,180230,370537,,0,1,True,False,-1,-1,NOT_REGISTERED
3,230674,535129,303283,,0,3,True,False,-1,-1,NOT_REGISTERED
4,390139,780934,114090,,0,2,True,False,-1,-1,NOT_REGISTERED
0,262690,176223,992562,"[1206, 1207, 1209, 1210, 1208]",0,3,False,False,-1,-1,NOT_REGISTERED
0,7951,161471,949509,"[1208, 1209, 1210, 1206, 1207]",0,3,False,False,-1,-1,NOT_REGISTERED
0,453526,357092,809259,"[1207, 1206]",0,2,False,False,-1,-1,NOT_REGISTERED
1,991698,487306,74900,"[1212, 1213]",0,3,False,False,-1,-1,NOT_REGISTERED
1,868530,710896,223795,[1213],0,4,False,False,-1,-1,NOT_REGISTERED
1,512070,131283,572101,"[1213, 1212, 1211]",0,4,False,False,-1,-1,NOT_REGISTERED
1,345571,108444,363990,[1212],0,1,False,False,-1,-1,NOT_REGISTERED
1,836984,591587,367848,"[1211, 1212]",0,2,False,False,-1,-1,NOT_REGISTERED
0,282549,114225,815205,"[1216, 1218, 1217]",0,2,False,True,-1,-1,NOT_REGISTERED
1,827731,196634,515917,"[1218, 1217, 1214, 1215]",0,1,False,True,-1,-1,NOT_REGISTERED
2,911657,249307,281300,"[1216, 1217]",0,3,False,True,-1,-1,NOT_REGISTERED
3,753562,729638,786642,"[1214, 1218, 1215, 1217]",0,1,False,True,-1,-1,NOT_REGISTERED
